Pos.;Art;Typ;Identifikation;Inventarnummer;Barcode
1;Anschlagmittel / Zuggeräte;Anschlagkette;Anschlagkette Kompakt 10-48-2 01;;2000000609
2;Anschlagmittel / Zuggeräte;Anschlagkette;Anschlagkette HRG 10-48-2 01;;2000000608
3;Anschlagmittel / Zuggeräte;Anschlagkette;Anschlagkette Kompakt 10-48-2 02;;2000000610
4;Anschlagmittel / Zuggeräte;Büffelheber;Büffelheber 10-64-2 01;;2000000226
5;Anschlagmittel / Zuggeräte;Feuerwehrleinen (Fangleinen);Feuerwehrleine 13/23/2;13/23/2;
6;Anschlagmittel / Zuggeräte;Feuerwehrleinen (Fangleinen);Feuerwehrleine 09/21/2;9/21/2;
7;Anschlagmittel / Zuggeräte;Feuerwehrleinen (Fangleinen);Feuerwehrleine 08/21/2;8/21/2;
8;Anschlagmittel / Zuggeräte;Feuerwehrleinen (Fangleinen);Feuerwehrleine 24/19/2;24/19/2;
9;Anschlagmittel / Zuggeräte;Feuerwehrleinen (Fangleinen);Feuerwehrleine 10/12/2;10.12.2002;
10;Anschlagmittel / Zuggeräte;Feuerwehrleinen (Fangleinen);Feuerwehrleine 31/22/2;31/22/2;
11;Anschlagmittel / Zuggeräte;Feuerwehrleinen (Fangleinen);Feuerwehrleine 23/18/2;23/18/2;
12;Anschlagmittel / Zuggeräte;Feuerwehrleinen (Fangleinen);Feuerwehrleine 21/18/2;21/18/2;
13;Anschlagmittel / Zuggeräte;Feuerwehrleinen (Fangleinen);Feuerwehrleine 17/18/2;17/18/2;
14;Anschlagmittel / Zuggeräte;Feuerwehrleinen (Fangleinen);Feuerwehrleine 22/18/2;;
15;Anschlagmittel / Zuggeräte;Feuerwehrleinen (Fangleinen);Feuerwehrleine 27/18/2;27/18/2;
16;Anschlagmittel / Zuggeräte;Feuerwehrleinen (Fangleinen);Feuerwehrleine 34/21/2;;
17;Anschlagmittel / Zuggeräte;Feuerwehrleinen (Fangleinen);Feuerwehrleine 18/18/2;18/18/2;
18;Anschlagmittel / Zuggeräte;Feuerwehrleinen (Fangleinen);Feuerwehrleine 20/2013;20/2013;
19;Anschlagmittel / Zuggeräte;Feuerwehrleinen (Fangleinen);Feuerwehrleine 03/19/2;3/19/2;
20;Anschlagmittel / Zuggeräte;Feuerwehrleinen (Fangleinen);Feuerwehrleine 30/20/2;30/20/2;
21;Anschlagmittel / Zuggeräte;Feuerwehrleinen (Fangleinen);Feuerwehrleine 15/23/2;15/23/2;
22;Anschlagmittel / Zuggeräte;Feuerwehrleinen (Fangleinen);Feuerwehrleine 06/19/2;6/19/2;
23;Anschlagmittel / Zuggeräte;Feuerwehrleinen (Fangleinen);Feuerwehrleine 32/20/2;32/20/2;
24;Anschlagmittel / Zuggeräte;Feuerwehrleinen (Fangleinen);Feuerwehrleine 08/20/2;8/20/2;
25;Anschlagmittel / Zuggeräte;Feuerwehrleinen (Fangleinen);Feuerwehrleine 01/20/2;1/20/2;
26;Anschlagmittel / Zuggeräte;Feuerwehrleinen (Fangleinen);Feuerwehrleine 26/17;26/17;
27;Anschlagmittel / Zuggeräte;Feuerwehrleinen (Fangleinen);Feuerwehrleine 14/20/2;14/20/2;
28;Anschlagmittel / Zuggeräte;Feuerwehrleinen (Fangleinen);Feuerwehrleine 12/18/2;12/18/2;
29;Anschlagmittel / Zuggeräte;Feuerwehrleinen (Fangleinen);Feuerwehrleine 29/21/2;29/21/2;
30;Anschlagmittel / Zuggeräte;Feuerwehrleinen (Fangleinen);Feuerwehrleine 09/20/2;9/20/2;
31;Anschlagmittel / Zuggeräte;Feuerwehrleinen (Fangleinen);Feuerwehrleine 4/23/2;Feuerwehrleine 4/23/2;
32;Anschlagmittel / Zuggeräte;Lastaufnahmeeinrichtung;Lastaufnahmesack 10-48-2 01;2000000672;2000000672
33;Anschlagmittel / Zuggeräte;Leinenbeutel für Feuerwehrleine;Leinenbeutel 07;;2000000696
34;Anschlagmittel / Zuggeräte;Leinenbeutel für Feuerwehrleine;Leinenbeutel PA 14;2000000750;2000000750
35;Anschlagmittel / Zuggeräte;Leinenbeutel für Feuerwehrleine;Leinenbeutel PA 13;2000000749;2000000749
36;Anschlagmittel / Zuggeräte;Leinenbeutel für Feuerwehrleine;Leinenbeutel PA 11;2000000747;2000000747
37;Anschlagmittel / Zuggeräte;Leinenbeutel für Feuerwehrleine;Leinenbeutel PA 05;2000000739;2000000739
38;Anschlagmittel / Zuggeräte;Leinenbeutel für Feuerwehrleine;Leinenbeutel PA 08;2000000742;2000000742
39;Anschlagmittel / Zuggeräte;Leinenbeutel für Feuerwehrleine;Leinenbeutel PA 07;2000000741;2000000741
40;Anschlagmittel / Zuggeräte;Leinenbeutel für Feuerwehrleine;Leinenbeutel PA 10;2000000746;2000000746
41;Anschlagmittel / Zuggeräte;Leinenbeutel für Feuerwehrleine;Leinenbeutel PA 09;2000000745;2000000745
42;Anschlagmittel / Zuggeräte;Leinenbeutel für Feuerwehrleine;Leinenbeutel PA 03;2000000735;2000000735
43;Anschlagmittel / Zuggeräte;Leinenbeutel für Feuerwehrleine;Leinenbeutel PA 02;2000000734;2000000734
44;Anschlagmittel / Zuggeräte;Leinenbeutel für Feuerwehrleine;Leinenbeutel PA 12;2000000748;2000000748
45;Anschlagmittel / Zuggeräte;Leinenbeutel für Feuerwehrleine;Leinenbeutel PA 01;2000000733;2000000733
46;Anschlagmittel / Zuggeräte;Leinenbeutel für Feuerwehrleine;Leinenbeutel 41;;2000000738
47;Anschlagmittel / Zuggeräte;Leinenbeutel für Feuerwehrleine;Leinenbeutel Arbeitsleine 06;;
48;Anschlagmittel / Zuggeräte;Leinenbeutel für Feuerwehrleine;Leinenbeutel Arbeitsleine 05;;
49;Anschlagmittel / Zuggeräte;Leinenbeutel für Feuerwehrleine;Leinenbeutel Arbeitsleine 03;;
50;Anschlagmittel / Zuggeräte;Leinenbeutel für Feuerwehrleine;Leinenbeutel Arbeitsleine 02;;
51;Anschlagmittel / Zuggeräte;Leinenbeutel für Feuerwehrleine;Leinenbeutel Arbeitsleine 07;;
52;Anschlagmittel / Zuggeräte;Leinenbeutel für Feuerwehrleine;Leinenbeutel Arbeitsleine 01;;2000000738
53;Anschlagmittel / Zuggeräte;Leinenbeutel für Feuerwehrleine;Leinenbeutel Arbeitsleine 04;;
54;Anschlagmittel / Zuggeräte;Leinenbeutel für Feuerwehrleine;Leinenbeutel Tragetuch 04;;2000000732
55;Anschlagmittel / Zuggeräte;Leinenbeutel für Feuerwehrleine;Leinenbeutel Tragetuch 03;;2000000731
56;Anschlagmittel / Zuggeräte;Leinenbeutel für Feuerwehrleine;Leinenbeutel Tragetuch 02;;2000000730
57;Anschlagmittel / Zuggeräte;Leinenbeutel für Feuerwehrleine;Leinenbeutel Tragetuch 01;;2000000729
58;Anschlagmittel / Zuggeräte;Leinenbeutel für Feuerwehrleine;Leinenbeutel 37;;2000000726
59;Anschlagmittel / Zuggeräte;Leinenbeutel für Feuerwehrleine;Leinenbeutel 15;;2000000704
60;Anschlagmittel / Zuggeräte;Leinenbeutel für Feuerwehrleine;Leinenbeutel 13;;2000000702
61;Anschlagmittel / Zuggeräte;Leinenbeutel für Feuerwehrleine;Leinenbeutel 16;;2000000705
62;Anschlagmittel / Zuggeräte;Leinenbeutel für Feuerwehrleine;Leinenbeutel 10;;2000000699
63;Anschlagmittel / Zuggeräte;Leinenbeutel für Feuerwehrleine;Leinenbeutel 08;;2000000697
64;Anschlagmittel / Zuggeräte;Leinenbeutel für Feuerwehrleine;Leinenbeutel 12;;2000000701
65;Anschlagmittel / Zuggeräte;Leinenbeutel für Feuerwehrleine;Leinenbeutel 09;;2000000698
66;Anschlagmittel / Zuggeräte;Leinenbeutel für Feuerwehrleine;Leinenbeutel 04;;2000000693
67;Anschlagmittel / Zuggeräte;Leinenbeutel für Feuerwehrleine;Leinenbeutel 36;;2000000725
68;Anschlagmittel / Zuggeräte;Leinenbeutel für Feuerwehrleine;Leinenbeutel 35;;2000000724
69;Anschlagmittel / Zuggeräte;Leinenbeutel für Feuerwehrleine;Leinenbeutel 34;;2000000723
70;Anschlagmittel / Zuggeräte;Leinenbeutel für Feuerwehrleine;Leinenbeutel 33;;2000000722
71;Anschlagmittel / Zuggeräte;Leinenbeutel für Feuerwehrleine;Leinenbeutel 32;;2000000721
72;Anschlagmittel / Zuggeräte;Leinenbeutel für Feuerwehrleine;Leinenbeutel 31;;2000000720
73;Anschlagmittel / Zuggeräte;Leinenbeutel für Feuerwehrleine;Leinenbeutel 28;;2000000717
74;Anschlagmittel / Zuggeräte;Leinenbeutel für Feuerwehrleine;Leinenbeutel 27;;2000000716
75;Anschlagmittel / Zuggeräte;Leinenbeutel für Feuerwehrleine;Leinenbeutel 06;;2000000695
76;Anschlagmittel / Zuggeräte;Leinenbeutel für Feuerwehrleine;Leinenbeutel 14;;2000000703
77;Anschlagmittel / Zuggeräte;Leinenbeutel für Feuerwehrleine;Leinenbeutel 05;;2000000694
78;Anschlagmittel / Zuggeräte;Leinenbeutel für Feuerwehrleine;Leinenbeutel 40;;2000000737
79;Anschlagmittel / Zuggeräte;Leinenbeutel für Feuerwehrleine;Leinenbeutel 20;;2000000709
80;Anschlagmittel / Zuggeräte;Leinenbeutel für Feuerwehrleine;Leinenbeutel 03;;2000000692
81;Anschlagmittel / Zuggeräte;Leinenbeutel für Feuerwehrleine;Leinenbeutel 02;;2000000691
82;Anschlagmittel / Zuggeräte;Leinenbeutel für Feuerwehrleine;Leinenbeutel 30;;2000000719
83;Anschlagmittel / Zuggeräte;Leinenbeutel für Feuerwehrleine;Leinenbeutel 39;;2000000728
84;Anschlagmittel / Zuggeräte;Leinenbeutel für Feuerwehrleine;Leinenbeutel 38;;2000000727
85;Anschlagmittel / Zuggeräte;Leinenbeutel für Feuerwehrleine;Leinenbeutel 11;;2000000700
86;Anschlagmittel / Zuggeräte;Leinenbeutel für Feuerwehrleine;Leinenbeutel 01;;2000000690
87;Anschlagmittel / Zuggeräte;Leinenbeutel für Feuerwehrleine;Leinenbeutel PA 04;2000000736;2000000736
88;Anschlagmittel / Zuggeräte;Leinenbeutel für Feuerwehrleine;Leinenbeutel PA 06;2000000740;2000000740
89;Anschlagmittel / Zuggeräte;Leinenbeutel für Feuerwehrleine;Leinenbeutel 26;;2000000715
90;Anschlagmittel / Zuggeräte;Leinenbeutel für Feuerwehrleine;Leinenbeutel 25;;2000000714
91;Anschlagmittel / Zuggeräte;Leinenbeutel für Feuerwehrleine;Leinenbeutel 24;;2000000713
92;Anschlagmittel / Zuggeräte;Leinenbeutel für Feuerwehrleine;Leinenbeutel 29;;2000000718
93;Anschlagmittel / Zuggeräte;Leinenbeutel für Feuerwehrleine;Leinenbeutel 23;;2000000712
94;Anschlagmittel / Zuggeräte;Leinenbeutel für Feuerwehrleine;Leinenbeutel 22;;2000000711
95;Anschlagmittel / Zuggeräte;Leinenbeutel für Feuerwehrleine;Leinenbeutel 21;;2000000710
96;Anschlagmittel / Zuggeräte;Leinenbeutel für Feuerwehrleine;Leinenbeutel 18;;2000000707
97;Anschlagmittel / Zuggeräte;Leinenbeutel für Feuerwehrleine;Leinenbeutel 17;;2000000706
98;Anschlagmittel / Zuggeräte;Leinenbeutel für Feuerwehrleine;Leinenbeutel 19;;2000000708
99;Anschlagmittel / Zuggeräte;Mehrzweckzug;Mehrzweckzug 01 10-64-2;;2000000244
100;Anschlagmittel / Zuggeräte;Rundschlingen;Rundschlinge 10-48-2 01;;2000000563
101;Anschlagmittel / Zuggeräte;Rundschlingen;Rundschlinge 10-48-2 04;2000000871;2000000871
102;Anschlagmittel / Zuggeräte;Rundschlingen;Rundschlinge 10-48-2 02;;2000000615
103;Anschlagmittel / Zuggeräte;Rundschlingen;Rundschlinge 10-64-2 02;;2000000575
104;Anschlagmittel / Zuggeräte;Rundschlingen;Rundschlinge 10-64-2 01;;2000000574
105;Anschlagmittel / Zuggeräte;Rundschlingen;Rundschlinge 10-48-2 03;2000000870;2000000870
106;Anschlagmittel / Zuggeräte;Schäkel;Schäkel 10-48-2 03;;2000000611
107;Anschlagmittel / Zuggeräte;Schäkel;Schäkel 10-48-2 04;;2000000612
108;Anschlagmittel / Zuggeräte;Schäkel;Schäkel 10-48-2 02;;
109;Anschlagmittel / Zuggeräte;Schäkel;Schäkel 10-48-2  01;;
110;Anschlagmittel / Zuggeräte;Schäkel;Schäkel 10-23-2 02;;
111;Anschlagmittel / Zuggeräte;Schäkel;Schäkel 10-23-2 01;;
112;Anschlagmittel / Zuggeräte;Seile/Ketten;Drahtseil 04;;
113;Anschlagmittel / Zuggeräte;Seile/Ketten;Drahtseil 05;;
114;Anschlagmittel / Zuggeräte;Seile/Ketten;Drahtseil 01;;
115;Anschlagmittel / Zuggeräte;Seile/Ketten;Drahtseil 02;;
116;Anschlagmittel / Zuggeräte;Seile/Ketten;Drahtseil 06;;
117;Anschlagmittel / Zuggeräte;Seile/Ketten;Drahtseil 07;;
118;Anschlagmittel / Zuggeräte;Seile/Ketten;Zugseil MZ 16 10-64-2;;2000000416
119;Anschlagmittel / Zuggeräte;Seile/Ketten;Drahtseil 03;;
120;Anschlagmittel / Zuggeräte;Sonstiges (Anschlagmittel / Zuggeräte);Festpunktkette 10-48-2 01;;2000000613
121;Anschlagmittel / Zuggeräte;Sonstiges (Anschlagmittel / Zuggeräte);Festpunktkette 10-48-2 02;;2000000614
122;Anschlagmittel / Zuggeräte;Umlenkrolle;Umlenkrolle 01 10-64-2;;2000000418
123;Anschlagmittel / Zuggeräte;Umlenkrolle;Umlenkrolle 02 10-64-2;;2000000417
124;Anschlagmittel / Zuggeräte;Zurrgurte;Automatikzurrgut 10-78-2 01;;2000000658
125;Anschlagmittel / Zuggeräte;Zurrgurte;Automatikzurrgut 10-78-2 03;;2000000660
126;Anschlagmittel / Zuggeräte;Zurrgurte;Automatikzurrgut 10-78-2 02;;2000000659
127;Anschlagmittel / Zuggeräte;Zurrgurte;Automatikzurrgut 10-78-2 04;;2000000661
128;Anschlagmittel / Zuggeräte;Zurrgurte;Zurrnetz 10-78-2 01;;2000000657
129;Anschlagmittel / Zuggeräte;Zurrgurte / Ratschengurte;Zurrgurt 10-64-2 04;;2000000567
130;Anschlagmittel / Zuggeräte;Zurrgurte / Ratschengurte;Zurrgurt 10-64-2 03;;2000000566
131;Anschlagmittel / Zuggeräte;Zurrgurte / Ratschengurte;Zurrgurt 10-64-2 05;;2000000568
132;Anschlagmittel / Zuggeräte;Zurrgurte / Ratschengurte;Zurrgurt 10-64-2 06;;2000000569
133;Anschlagmittel / Zuggeräte;Zurrgurte / Ratschengurte;Zurrgurt 10-64-2 09;;2000000654
134;Anschlagmittel / Zuggeräte;Zurrgurte / Ratschengurte;Zurrgurt 10-64-2 10;;2000000655
135;Anschlagmittel / Zuggeräte;Zurrgurte / Ratschengurte;Zurrgurt 10-78-2 04;;2000000570
136;Anschlagmittel / Zuggeräte;Zurrgurte / Ratschengurte;Zurrgurt 10-78-2 01;;2000000656
137;Anschlagmittel / Zuggeräte;Zurrgurte / Ratschengurte;Zurrgurt 10-78-2 03;;2000000565
138;Anschlagmittel / Zuggeräte;Zurrgurte / Ratschengurte;Zurrgurt 10-48-2 01;;2000000620
139;Anschlagmittel / Zuggeräte;Zurrgurte / Ratschengurte;Zurrgurt 10-48-2 04;;2000000623
140;Anschlagmittel / Zuggeräte;Zurrgurte / Ratschengurte;Zurrgurt 10-48-2 03;;2000000622
141;Anschlagmittel / Zuggeräte;Zurrgurte / Ratschengurte;Zurrgurt 10-48-2 02;;2000000621
142;Anschlagmittel / Zuggeräte;Zurrgurte / Ratschengurte;Quickloader Rescue 10-48-2 02;;2000000625
143;Anschlagmittel / Zuggeräte;Zurrgurte / Ratschengurte;Quickloader Rescue 10-48-2 01;;2000000624
144;Anschlagmittel / Zuggeräte;Zurrgurte / Ratschengurte;Zurrgurt GH 02;;2000000572
145;Anschlagmittel / Zuggeräte;Zurrgurte / Ratschengurte;Zurrgurt 10-78-2 02;;2000000571
146;Anschlagmittel / Zuggeräte;Zurrgurte / Ratschengurte;Zurrgurt 10-78-2 05;;2000000564
147;Anschlagmittel / Zuggeräte;Zurrgurte / Ratschengurte;Zurrgurt 10-64-2 08;;2000000573
148;Beleuchtungsgeräte / Leitungsroller;Anschlussleitungen;Anschlussleitung 400V 10m 01;;2000000631
149;Beleuchtungsgeräte / Leitungsroller;Arbeitsleuchten;Arbeitsleuchte 10-48-2 01;;2000000052
150;Beleuchtungsgeräte / Leitungsroller;Arbeitsleuchten;Arbeitsleuchte Akku 10-64-2 01;2000000847;2000000847
151;Beleuchtungsgeräte / Leitungsroller;Aufnahmebrücken;Aufnahmebrücke 02;;2000000053
152;Beleuchtungsgeräte / Leitungsroller;Aufnahmebrücken;Aufnahmebrücke 01 10-64-2;;2000000213
153;Beleuchtungsgeräte / Leitungsroller;Aufnahmebrücken;Aufnahmebrücke 01 10-23-2;;2000000288
154;Beleuchtungsgeräte / Leitungsroller;Beleuchtungsballon (Powermoon);Powermoon 10-11-2 01;2000000533;2000000533
155;Beleuchtungsgeräte / Leitungsroller;Beleuchtungsbrücke;Beleuchtungsbrücke 03;;2000000628
156;Beleuchtungsgeräte / Leitungsroller;Beleuchtungsbrücke;Beleuchtungsbrücke 01 10-23-2;;2000000289
157;Beleuchtungsgeräte / Leitungsroller;Beleuchtungsbrücke;Beleuchtungsbrücke 01;;2000000214
158;Beleuchtungsgeräte / Leitungsroller;Flutlichtstrahler;Flutlichtstrahler 03;;2000000201
159;Beleuchtungsgeräte / Leitungsroller;Flutlichtstrahler;Flutlichtstrahler 02 10-48-2;;2000000350
160;Beleuchtungsgeräte / Leitungsroller;Flutlichtstrahler;Flutlichtstrahler 10-23-2 02;;2000000597
161;Beleuchtungsgeräte / Leitungsroller;Flutlichtstrahler;Flutlichtstrahler 10-23-2 01;;2000000596
162;Beleuchtungsgeräte / Leitungsroller;Flutlichtstrahler;Flutlichtstrahler 04;;2000000635
163;Beleuchtungsgeräte / Leitungsroller;Flutlichtstrahler;Flutlichtstrahler 01 10-48-2;;2000000351
164;Beleuchtungsgeräte / Leitungsroller;Handscheinwerfer ADALIT;Handscheinwerfer Adalit 10-23-2 01;;2000000177
165;Beleuchtungsgeräte / Leitungsroller;Handscheinwerfer ADALIT;Handscheinwerfer Adalit 10-17-2 02;;2000000581
166;Beleuchtungsgeräte / Leitungsroller;Handscheinwerfer ADALIT;Handscheinwerfer Adalit 10-64-2 01;;2000000491
167;Beleuchtungsgeräte / Leitungsroller;Handscheinwerfer ADALIT;Handscheinwerfer Adalit 10-48-2 04;;2000000522
168;Beleuchtungsgeräte / Leitungsroller;Handscheinwerfer ADALIT;Handscheinwerfer Adalit 10-48-2 01;;2000000117
169;Beleuchtungsgeräte / Leitungsroller;Handscheinwerfer ADALIT;Handscheinwerfer Adalit 10-23-2 02;;2000000176
170;Beleuchtungsgeräte / Leitungsroller;Handscheinwerfer ADALIT;Handscheinwerfer Adalit 10-23-2 04;;2000000490
171;Beleuchtungsgeräte / Leitungsroller;Handscheinwerfer ADALIT;Handscheinwerfer Adalit 10-11-2 02;2000000577;2000000577
172;Beleuchtungsgeräte / Leitungsroller;Handscheinwerfer ADALIT;Handscheinwerfer Adalit 10-48-2 03;;2000000106
173;Beleuchtungsgeräte / Leitungsroller;Handscheinwerfer ADALIT;Handscheinwerfer Adalit 10-64-2 02;;2000000492
174;Beleuchtungsgeräte / Leitungsroller;Handscheinwerfer ADALIT;Handscheinwerfer Adalit 10-11-2 01;2000000576;2000000576
175;Beleuchtungsgeräte / Leitungsroller;Handscheinwerfer ADALIT;Handscheinwerfer Adalit 10-23-2 03;;2000000489
176;Beleuchtungsgeräte / Leitungsroller;Handscheinwerfer ADALIT;Handscheinwerfer Adalit 10-48-2 02;;2000000105
177;Beleuchtungsgeräte / Leitungsroller;Handscheinwerfer ADALIT;Handscheinwerfer Adalit 10-17-2 01;;2000000580
178;Beleuchtungsgeräte / Leitungsroller;Handscheinwerfer EISEMANN;Handscheinwerfer Eisemann10-23-2 04;;2000000174
179;Beleuchtungsgeräte / Leitungsroller;Handscheinwerfer EISEMANN;Handscheinwerfer Eisemann10-64-2 01;;2000000184
180;Beleuchtungsgeräte / Leitungsroller;Handscheinwerfer EISEMANN;Handscheinwerfer Eisemann10-64-2 04;;2000000592
181;Beleuchtungsgeräte / Leitungsroller;Handscheinwerfer EISEMANN;Handscheinwerfer Eisemann10-48-2 02;;2000000108
182;Beleuchtungsgeräte / Leitungsroller;Handscheinwerfer EISEMANN;Handscheinwerfer Eisemann10-64-2 02;;2000000187
183;Beleuchtungsgeräte / Leitungsroller;Handscheinwerfer EISEMANN;Handscheinwerfer Eisemann10-23-2 01;;2000000171
184;Beleuchtungsgeräte / Leitungsroller;Handscheinwerfer EISEMANN;Handscheinwerfer Eisemann10-23-2 02;;2000000172
185;Beleuchtungsgeräte / Leitungsroller;Handscheinwerfer EISEMANN;Handscheinwerfer Eisemann10-64-2 03;;2000000186
186;Beleuchtungsgeräte / Leitungsroller;Handscheinwerfer EISEMANN;Handscheinwerfer Eisemann10-23-2 03;;2000000173
187;Beleuchtungsgeräte / Leitungsroller;Handscheinwerfer EISEMANN;Handscheinwerfer Eisemann10-48-2 01;;2000000107
188;Beleuchtungsgeräte / Leitungsroller;Ladegeräte für Handlampen;Ladegerät 01;2000000578;2000000578
189;Beleuchtungsgeräte / Leitungsroller;Leitungsroller;Leitungsroller 01 10-64-2;;2000000633
190;Beleuchtungsgeräte / Leitungsroller;Leitungsroller;Leitungsroller 07;;2000000630
191;Beleuchtungsgeräte / Leitungsroller;Leitungsroller;Leitungsroller 03 10-64-2;;2000000634
192;Beleuchtungsgeräte / Leitungsroller;Leitungsroller;Leitungsroller 10-23-2 02;;2000000599
193;Beleuchtungsgeräte / Leitungsroller;Leitungsroller;Leitungsroller 10-48-2 01;;2000000601
194;Beleuchtungsgeräte / Leitungsroller;Leitungsroller;Leitungsroller 10-48-2 02;;2000000602
195;Beleuchtungsgeräte / Leitungsroller;Leitungsroller;Leitungsroller 10-23-2 01;;2000000598
196;Beleuchtungsgeräte / Leitungsroller;Leitungsroller;Leitungsroller 02 10-64-2;;2000000632
197;Beleuchtungsgeräte / Leitungsroller;Sonstiges (Bel.geräte / Leitungsroller);Stromverteiler 10-48-2 01;210909;2000000603
198;Beleuchtungsgeräte / Leitungsroller;Sonstiges (Bel.geräte / Leitungsroller);Stirnlampe Ledlenser 01;2000000883;2000000883
199;Beleuchtungsgeräte / Leitungsroller;Sonstiges (Bel.geräte / Leitungsroller);Stromverteiler 10-23-02 01;;2000000629
200;Beleuchtungsgeräte / Leitungsroller;Sonstiges (Bel.geräte / Leitungsroller);Powermoon Netzteil 10-11-2 01;;2000000493
201;Beleuchtungsgeräte / Leitungsroller;Sonstiges (Bel.geräte / Leitungsroller);Stromverteiler 02;;2000000636
202;Beleuchtungsgeräte / Leitungsroller;Sonstiges (Bel.geräte / Leitungsroller);Stromverteiler 03;;2000000642
203;Beleuchtungsgeräte / Leitungsroller;Sonstiges (Bel.geräte / Leitungsroller);Stirnlampe Ledlenser 02;2000000884;2000000884
204;Beleuchtungsgeräte / Leitungsroller;Sonstiges (Bel.geräte / Leitungsroller);Fehlerstromschutzschalter10-64-1 01;;2000000638
205;Beleuchtungsgeräte / Leitungsroller;Sonstiges (Bel.geräte / Leitungsroller);Fehlerstromschutzschalter10-48-2 02;;2000000604
206;Beleuchtungsgeräte / Leitungsroller;Stative;Stativ 01 10-23-2;;2000000290
207;Beleuchtungsgeräte / Leitungsroller;Stative;Stativ 10-64-2 01;;2000000512
208;Beleuchtungsgeräte / Leitungsroller;Stative;Stativ 04;;2000000215
209;Beleuchtungsgeräte / Leitungsroller;Stative;Stativ 02;;2000000063
210;Beleuchtungsgeräte / Leitungsroller;Stative;Stativ 03;;2000000216
211;Beleuchtungsgeräte / Leitungsroller;Steckverbindungen Strom;Adapter 10-64-2 01;;2000000645
212;Gasmesstechnik;Dräger Pac 6000 / 6500 / 7000 / 8000 / 8500;Dräger Pac 6500 10-23-2;5902663;5902663
213;Gasmesstechnik;Dräger Pac 6000 / 6500 / 7000 / 8000 / 8500;Pac 6500 AED Zug 2;6694984;6694984
214;Gasmesstechnik;Dräger x-am 5000;Dräger X-am 5000 10-23-2 01;6130527;6130527
215;Gasmesstechnik;Dräger x-am 5600;Dräger X-am 5800, Zug 2;7793058;7793058
216;Gasmesstechnik;Sonstiges (Gasmesstechnik);Windmesser 01;;
217;Gefahrgutausrüstung;Abdichtungsmittel und -geräte;Abdichtmaterial;;
218;Gefahrgutausrüstung;Armaturen für Gefahrguteinsätze;Übergangsstück TKW 01 10-64-2;;2000000419
219;Gefahrgutausrüstung;Auffang- und Arbeitsgeräte;Bindemittelsammelsieb 01 10-64-2;;2000000248
220;Gefahrgutausrüstung;Auffang- und Arbeitsgeräte;Auffangwanne 10-48-2 01;2000000872;2000000872
221;Gefahrgutausrüstung;Auffang- und Arbeitsgeräte;Auffangwanne 10-48-2 02;2000000873;2000000873
222;Gefahrgutausrüstung;Flüssigkeitssperren;Gullydichtkissen 01 10-64-2;;2000000249
223;Gefahrgutausrüstung;Flüssigkeitssperren;Magnetkanalabdeckung 03;;
224;Gefahrgutausrüstung;Flüssigkeitssperren;Magnetkanalabdeckung 04;;
225;Gefahrgutausrüstung;Flüssigkeitssperren;Gullydichtkissen 02 10-64-2;;2000000250
226;Gefahrgutausrüstung;Flüssigkeitssperren;Flüssigkeitssperre 03;;
227;Gefahrgutausrüstung;Flüssigkeitssperren;Flüssigkeitssperre 04;;
228;Gefahrgutausrüstung;Flüssigkeitssperren;Flüssigkeitssperre 05;;
229;Gefahrgutausrüstung;Flüssigkeitssperren;Flüssigkeitssperre 01;;2000000086
230;Gefahrgutausrüstung;Flüssigkeitssperren;Flüssigkeitssperre 02;;2000000086
231;Gefahrgutausrüstung;Flüssigkeitssperren;Magnetkanalabdeckung 02;;
232;Gefahrgutausrüstung;Flüssigkeitssperren;Magnetkanalabdeckung 01;;
233;Gefahrgutausrüstung;Gefahrgutpumpen;Ansaugrohr 02 10-64-2;;2000000254
234;Gefahrgutausrüstung;Gefahrgutpumpen;Ansaugrohr 01 10-64-2;;2000000252
235;Gefahrgutausrüstung;Gefahrgutpumpen;Handmembranpumpe 01 10-64-2;;2000000251
236;Gefahrgutausrüstung;Gefahrgutpumpen;Fasspumpe 01 10-64-2;;2000000644
237;Gefahrgutausrüstung;Gefahrgutpumpen;Ansaugrohr 03 10-64-2;;2000000253
238;Gefahrgutausrüstung;Ölsperren;Ölsperre blau;;
239;Gefahrgutausrüstung;Ölsperren;Ölsperre schwimmend;;
240;Gefahrgutausrüstung;Ölsperren;Ölsperre 01;;2000000425
241;Gefahrgutausrüstung;Ölwehrgeräte;Druckspritze 05;;2000000430
242;Gefahrgutausrüstung;Ölwehrgeräte;Streuwagen 01;;2000000223
243;Gefahrgutausrüstung;Ölwehrgeräte;Druckspritze 02;;2000000427
244;Gefahrgutausrüstung;Ölwehrgeräte;Druckspritze 04;;2000000429
245;Gefahrgutausrüstung;Ölwehrgeräte;Druckspritze 03;;2000000428
246;Gefahrgutausrüstung;Ölwehrgeräte;Druckspritze 01;;2000000426
247;Gefahrgutausrüstung;Schläuche für Gefahrguteinsätze;Saugleitung für Gefahrgut 01;;
248;Gefahrgutausrüstung;Schläuche für Gefahrguteinsätze;Saugleitung für Gefahrgut 02;;
249;Gefahrgutausrüstung;Schläuche für Gefahrguteinsätze;Schlauch Gefahrgut 01;;
250;Gefahrgutausrüstung;Schläuche für Gefahrguteinsätze;Saugleitung für Gefahrgut 04;;
251;Gefahrgutausrüstung;Schläuche für Gefahrguteinsätze;Schlauch Gefahrgut 05;;
252;Gefahrgutausrüstung;Schläuche für Gefahrguteinsätze;Schlauch Gefahrgut 04;;
253;Gefahrgutausrüstung;Schläuche für Gefahrguteinsätze;Schlauch Gefahrgut 03;;
254;Gefahrgutausrüstung;Schläuche für Gefahrguteinsätze;Schlauch Gefahrgut 02;;
255;Gefahrgutausrüstung;Schläuche für Gefahrguteinsätze;Schlauch Gefahrgut 06;;
256;Gefahrgutausrüstung;Schläuche für Gefahrguteinsätze;Saugleitung für Gefahrgut 03;;
257;Gefahrgutausrüstung;Sonstiges (Gefahrgutausrüstung);Chemieschutzanzug 01;;
258;Gefahrgutausrüstung;Sonstiges (Gefahrgutausrüstung);Chemieschutzanzug 04;;
259;Gefahrgutausrüstung;Sonstiges (Gefahrgutausrüstung);Chemieschutzanzug 02;;
260;Gefahrgutausrüstung;Sonstiges (Gefahrgutausrüstung);Chemieschutzanzug 03;;
261;Gefahrgutausrüstung;Zurrgurte / Ratschengurte;Ratschengurt 10-48-2 01;;2000000352
262;Gefahrgutausrüstung;Zurrgurte / Ratschengurte;Ratschengurt 10-48-2 03;;2000000354
263;Gefahrgutausrüstung;Zurrgurte / Ratschengurte;Ratschengurt 10-48-2 02;;2000000579
264;Gefahrgutausrüstung;Zurrgurte / Ratschengurte;Ratschengurt 10-48-2 04;;2000000355
265;Gerätehausausstattung;Abgasabsauganlage;Abgasabsauganlage, Zug 2;;
266;Gerätehausausstattung;EDV-Ausstattung;Drucker Gerätehaus 01;;2000000606
267;Gerätehausausstattung;EDV-Ausstattung;Drucker Gerätehaus 02;;2000000607
268;Gerätehausausstattung;EDV-Ausstattung;Laptop Gerätehaus 01;;R6300764
269;Gerätehausausstattung;EDV-Ausstattung;Tablet 10-11-2 01;;2000000285
270;Gerätehausausstattung;EDV-Ausstattung;Tablet 10-48-2 01;;2000000286
271;Gerätehausausstattung;EDV-Ausstattung;Tablet 10-23-2 01;;2000000287
272;Gerätehausausstattung;Flurförderfahrzeuge;Hubwagen 10-00-2 01;2000000671;2000000671
273;Gerätehausausstattung;Kraftstoff - Trolley;Kraftstofftrolley GH 01;2000000743;2000000743
274;Gerätehausausstattung;Nebelmaschinen;Nebelmaschine 01;;2000000496
275;Gerätehausausstattung;Sonstiges (Gerätehausausstattung);Heizung Viessmann;;
276;Gerätehausausstattung;Sonstiges (Gerätehausausstattung);Lautsprecher 01;;2000000813
277;Gerätehausausstattung;Tore, kraftbetätigt;Rolltore ( 2 ), Zug 2;2000000666;2000000666
278;Gerätehausausstattung;Tore, kraftbetätigt;Rolltore ( 5 ), Zug 2;2000000669;2000000669
279;Gerätehausausstattung;Tore, kraftbetätigt;Rolltore ( 1 ), Zug 2;2000000665;2000000665
280;Gerätehausausstattung;Tore, kraftbetätigt;Rolltore ( 3 ), Zug 2;2000000667;2000000667
281;Gerätehausausstattung;Tore, kraftbetätigt;Rolltore ( 4 ), Zug 2;2000000668;2000000668
282;Gerätehausausstattung;Transponder Schließsystem;Trans 054, Zug 2;Trans 054;02XCC89
283;Gerätehausausstattung;Transponder Schließsystem;Trans 088, Zug 2;Trans 088;1X52CM
284;Gerätehausausstattung;Transponder Schließsystem;Trans 200, Zug 2;03X8D0S;03X8D0S
285;Gerätehausausstattung;Transponder Schließsystem;Trans 053, Zug 2;Trans 053;02XBEMP
286;Gerätehausausstattung;Transponder Schließsystem;Trans 056, Zug 2;Trans 056;01XF37M
287;Gerätehausausstattung;Transponder Schließsystem;Trans 055, Zug 2;Trans 055;02XC05D
288;Hydraulische Geräte;Motorpumpen-Aggregat (Elektromotor);Hydraulikpumpe 10-48-2 01;2000000768;2000000768
289;Hydraulische Geräte;Motorpumpen-Aggregat (Elektromotor);Hydraulikpumpe 10-64-2 01;2000000004;2000000004
290;Hydraulische Geräte;Rettungszylinder;Rettungszylinder 10-48-2 02;41226521;2000000002
291;Hydraulische Geräte;Rettungszylinder;Rettungszylinder 10-48-2 03;41226531;2000000003
292;Hydraulische Geräte;Rettungszylinder;Rettungszylinder 10-48-2 01;41226511;2000000001
293;Hydraulische Geräte;Schneidgeräte;Rettungsschere 10-64-2 01;2000000005;2000000005
294;Hydraulische Geräte;Schneidgeräte;Rettungsschere 10-48-2 01;2000000766;2000000766
295;Hydraulische Geräte;Schneidgeräte;Rettungsschere 10-48-2 02;41226911;2000000012
296;Hydraulische Geräte;Schwelleraufsatz;Schwelleraufsatz 10-48-2 01;;2000000031
297;Hydraulische Geräte;Spreizer;Spreizer 10-48-2 01;2000000767;2000000767
298;Hydraulische Geräte;Spreizer;Spreizer 10-64-2 01;2000000006;2000000006
299;IuK-Technik;Drucker / Scanner / Fax;Drucker 10-11-2 01;;2000000247
300;IuK-Technik;PC  / Car-PC;PC 10-11-2 02;;R6216683
301;IuK-Technik;PC  / Car-PC;PC 10-11-2 01;;R6216685
302;IuK-Technik;Router / Switch / Gateway / Firewall;Router 10-11-2 01;;2000000284
303;Löschgeräte / Armaturen;Feuerlöscher CO2;Feuerlöscher CO2 10-48-2 01;2000000826;2000000826
304;Löschgeräte / Armaturen;Feuerlöscher CO2;Feuerlöscher CO2 2kg Schlauchl.;2000000551;2000000551
305;Löschgeräte / Armaturen;Feuerlöscher CO2;Feuerlöscher CO2 5kg Schlauchlager;2000000485;2000000485
306;Löschgeräte / Armaturen;Feuerlöscher CO2;Feuerlöscher CO2 10-23-2,2;2000000158;2000000158
307;Löschgeräte / Armaturen;Feuerlöscher CO2;Feuerlöscher CO2 10-23-2,1;2000000159;2000000159
308;Löschgeräte / Armaturen;Feuerlöscher PG 12;Feuerlöscher PG12 10-11-2;2000000494;2000000494
309;Löschgeräte / Armaturen;Feuerlöscher PG 12;Feuerlöscher PG12 GH Zug2 Werkst.;2000000431;2000000431
310;Löschgeräte / Armaturen;Feuerlöscher PG 12;Feuerlöscher PG12 10-17-2;2000000495;2000000495
311;Löschgeräte / Armaturen;Feuerlöscher PG 12;Feuerlöscher PG12 10-23-2;2000000157;2000000157
312;Löschgeräte / Armaturen;Feuerlöscher PG 12;Feuerlöscher PG12 GH Zug2 Keller 01;2000000825;2000000825
313;Löschgeräte / Armaturen;Feuerlöscher PG 6;Feuerlöscher PG6 10-48-2,2;2000000091;2000000091
314;Löschgeräte / Armaturen;Feuerlöscher PG 6;Feuerlöscher PG6 10-48-2,1;2000000090;2000000090
315;Löschgeräte / Armaturen;Feuerlöscher PG 6;Feuerlöscher PG6 Schlauchlager;2000000483;2000000483
316;Löschgeräte / Armaturen;Feuerlöscher PG 6;Feuerlöscher PG6 GH;2000000281;2000000281
317;Löschgeräte / Armaturen;Feuerlöscher SK 9;Feuerlöscher SK9 10-64-2;2000000217;2000000217
318;Löschgeräte / Armaturen;Feuerlöscher SK 9;Schaumlöscher 01 10-48-2;;2000000089
319;Löschgeräte / Armaturen;Feuerlöscher SK 9;Feuerlöscher SK9 Fahrzeughalle Nr10;2000000744;2000000744
320;Löschgeräte / Armaturen;Hohlstrahlrohre, allgemein;Hohlstrahlrohr B 01;;2000000042
321;Löschgeräte / Armaturen;Hohlstrahlrohre, allgemein;Hohlstrahlrohr C 04 10-48-2;;2000000039
322;Löschgeräte / Armaturen;Hohlstrahlrohre, allgemein;Hohlstrahlrohr C 07 10-48-2;2000000763;2000000763
323;Löschgeräte / Armaturen;Hohlstrahlrohre, allgemein;Hohlstrahlrohr C 02 10-23-2;;2000000131
324;Löschgeräte / Armaturen;Hohlstrahlrohre, allgemein;Hohlstrahlrohr C 05 10-48-2;;2000000041
325;Löschgeräte / Armaturen;Hohlstrahlrohre, allgemein;Hohlstrahlrohr C 02 10-48-2;;2000000038
326;Löschgeräte / Armaturen;Hohlstrahlrohre, allgemein;Hohlstrahlrohr C 01 10-23-2;;2000000145
327;Löschgeräte / Armaturen;Hohlstrahlrohre, allgemein;Hohlstrahlrohr C 03 10-48-2;;2000000040
328;Löschgeräte / Armaturen;Hohlstrahlrohre, allgemein;Hohlstrahlrohr C 03 10-23-2;;2000000357
329;Löschgeräte / Armaturen;Hohlstrahlrohre, allgemein;Hohlstrahlrohr C 06 10-48-2;;2000000356
330;Löschgeräte / Armaturen;Hohlstrahlrohre, allgemein;Hohlstrahlrohr C 01;2000000037;2000000037
331;Löschgeräte / Armaturen;Hohlstrahlrohre, allgemein;Hohlstrahlrohr B 02;;2000000043
332;Löschgeräte / Armaturen;Kübelspritze A10;Kübelspritze 02;;2000000092
333;Löschgeräte / Armaturen;Kübelspritze A10;Kübelspritze 03;;2000000586
334;Löschgeräte / Armaturen;Löschdecken, Schweißerschutzdecken;Löschdecke 02;;2000000433
335;Löschgeräte / Armaturen;Löschdecken, Schweißerschutzdecken;Löschdecke 01;;
336;Löschgeräte / Armaturen;Löschlanze;Löschlanze 01;;
337;Löschgeräte / Armaturen;Monitore, Hydroschilder;Monitor 01 10-23-2;;2000000134
338;Löschgeräte / Armaturen;Monitore, Hydroschilder;Verbindungsstück für Dachmonitor;;2000000272
339;Löschgeräte / Armaturen;Monitore, Hydroschilder;Monitor 01 10-48-2;;2000000267
340;Löschgeräte / Armaturen;Rauchabschlüsse;Rauchabschluss 01 10-23-2;;2000000136
341;Löschgeräte / Armaturen;Rauchabschlüsse;Rauchabschluss 02;;2000000047
342;Löschgeräte / Armaturen;Rückflussverhinderer / Systemtrenner;Rückflussverhinderer 03;;2000000099
343;Löschgeräte / Armaturen;Rückflussverhinderer / Systemtrenner;Rückflussverhinderer 02;;2000000147
344;Löschgeräte / Armaturen;Rückflussverhinderer / Systemtrenner;Rückflussverhinderer 04;;2000000097
345;Löschgeräte / Armaturen;Rückflussverhinderer / Systemtrenner;Rückflussverhinderer 01 10-23-2;;2000000135
346;Löschgeräte / Armaturen;Saugkörbe und Zubehör für Löschgeräte / Armarturen;Saugkorb 02 10-48-2;;2000000048
347;Löschgeräte / Armaturen;Saugkörbe und Zubehör für Löschgeräte / Armarturen;Schmutzkorb 03;;
348;Löschgeräte / Armaturen;Saugkörbe und Zubehör für Löschgeräte / Armarturen;Saugkorb 01 10-48-2;;2000000358
349;Löschgeräte / Armaturen;Saugkörbe und Zubehör für Löschgeräte / Armarturen;Schmutzkorb 01 10-48-2;;
350;Löschgeräte / Armaturen;Saugkörbe und Zubehör für Löschgeräte / Armarturen;Saugkorb 04;;2000000434
351;Löschgeräte / Armaturen;Saugkörbe und Zubehör für Löschgeräte / Armarturen;Schmutzkorb 01 10-23-2;;
352;Löschgeräte / Armaturen;Saugkörbe und Zubehör für Löschgeräte / Armarturen;Schwimmer für Saugkorb 01 10-23-2;;2000000359
353;Löschgeräte / Armaturen;Saugkörbe und Zubehör für Löschgeräte / Armarturen;Saugkorb 01 10-23-2;;2000000297
354;Löschgeräte / Armaturen;Saugschläuche;Saugschlauch 02;;
355;Löschgeräte / Armaturen;Saugschläuche;Saugschlauch 01;;
356;Löschgeräte / Armaturen;Saugschläuche;Saugschlauch 03;;
357;Löschgeräte / Armaturen;Saugschläuche;Saugschlauch 04;;
358;Löschgeräte / Armaturen;Saugschläuche;Saugschlauch 05;;
359;Löschgeräte / Armaturen;Saugschläuche;Saugschlauch 06;;
360;Löschgeräte / Armaturen;Saugschläuche;Saugschlauch 07;;
361;Löschgeräte / Armaturen;Saugschläuche;Saugschlauch 08;;
362;Löschgeräte / Armaturen;Saugschläuche;Saugschlauch 09;;
363;Löschgeräte / Armaturen;Saugschläuche;Saugschlauch 10;;
364;Löschgeräte / Armaturen;Saugschläuche;Saugschlauch 11;;
365;Löschgeräte / Armaturen;Saugschläuche;Saugschlauch 12;;
366;Löschgeräte / Armaturen;Saugschläuche;Saugschlauch 13;;
367;Löschgeräte / Armaturen;Saugschläuche;Saugschlauch 14;;
368;Löschgeräte / Armaturen;Saugschläuche;Saugschlauch 15;;
369;Löschgeräte / Armaturen;Saugschläuche;Saugschlauch 16;;
370;Löschgeräte / Armaturen;Saugschläuche;Saugschlauch 17;;
371;Löschgeräte / Armaturen;Schaumgeräte, allgemein;Schaummittelkanister 03 10-23-2;;2000000293
372;Löschgeräte / Armaturen;Schaumgeräte, allgemein;Schaummittelkanister 02 10-23-2;;2000000292
373;Löschgeräte / Armaturen;Schaumgeräte, allgemein;Ansaugschlauch D 02;;2000000298
374;Löschgeräte / Armaturen;Schaumgeräte, allgemein;Schaumrohr 03;;2000000180
375;Löschgeräte / Armaturen;Schaumgeräte, allgemein;Schaumrohr 01;;2000000161
376;Löschgeräte / Armaturen;Schaumgeräte, allgemein;Firedos 01;;2000000437
377;Löschgeräte / Armaturen;Schaumgeräte, allgemein;Schaumrohr 02;;2000000163
378;Löschgeräte / Armaturen;Schaumgeräte, allgemein;Schaumrohr 02 10-48-2;;2000000081
379;Löschgeräte / Armaturen;Schaumgeräte, allgemein;Schaumrohr 01 10-48-2;;2000000271
380;Löschgeräte / Armaturen;Schaumgeräte, allgemein;Schaumrohr 06;;2000000435
381;Löschgeräte / Armaturen;Schaumgeräte, allgemein;Schaumrohr 07;;2000000436
382;Löschgeräte / Armaturen;Schaumgeräte, allgemein;Schaumrohr 08;;2000000438
383;Löschgeräte / Armaturen;Schaumgeräte, allgemein;Ansaugschlauch D 01;;2000000087
384;Löschgeräte / Armaturen;Schaumgeräte, allgemein;Ansaugschlauch D 03;;2000000439
385;Löschgeräte / Armaturen;Schaumgeräte, allgemein;Schaummittelkanister 04 10-23-2;;2000000294
386;Löschgeräte / Armaturen;Schaumgeräte, allgemein;Zumischer 01;;2000000162
387;Löschgeräte / Armaturen;Schaumgeräte, allgemein;Schaummittelkanister 05 10-23-2;;2000000295
388;Löschgeräte / Armaturen;Schaumgeräte, allgemein;Schaummittelkanister 06 10-23-2;;2000000296
389;Löschgeräte / Armaturen;Schaumgeräte, allgemein;Ansaugschlauch D 04;;
390;Löschgeräte / Armaturen;Schaumgeräte, allgemein;Schaummittelkanister 01 10-23-2;;2000000291
391;Löschgeräte / Armaturen;Schlauchhaspel;Schlauchhaspel 01 10-23-2;;2000000299
392;Löschgeräte / Armaturen;Schlauchhaspel;Schlauchtragekorb 10;;2000000441
393;Löschgeräte / Armaturen;Schlauchhaspel;Waldbrandkorb 10-23-1 01;2000000866;2000000866
394;Löschgeräte / Armaturen;Schlauchhaspel;Schlauchtragekorb 03 10-23-2;;2000000144
395;Löschgeräte / Armaturen;Schlauchhaspel;Schlauchtragekorb 02 10-23-2;;2000000143
396;Löschgeräte / Armaturen;Schlauchhaspel;Schlauchtragekorb 01 10-23-2;;2000000142
397;Löschgeräte / Armaturen;Schlauchhaspel;Schlauchtragekorb 04 10-23-2;;2000000141
398;Löschgeräte / Armaturen;Schlauchhaspel;Schlauchtragekorb 04 10-48-2;;2000000102
399;Löschgeräte / Armaturen;Schlauchhaspel;Schlauchtragekorb 08;;2000000440
400;Löschgeräte / Armaturen;Schlauchhaspel;Schlauchtragekorb 03 10-48-2;;2000000103
401;Löschgeräte / Armaturen;Schlauchhaspel;Schlauchtragekorb 02 10-48-2;;2000000104
402;Löschgeräte / Armaturen;Schlauchhaspel;Schlauchtragekorb 01 10-48-2;;2000000101
403;Löschgeräte / Armaturen;Schlauchhaspel;Schlauchhaspel 01 10-48-2;;2000000300
404;Löschgeräte / Armaturen;Schlüssel, Schachtdeckelheber;Hydrantenschlüssel 02;;2000000016
405;Löschgeräte / Armaturen;Schlüssel, Schachtdeckelheber;Schachtdeckelheber 01;;
406;Löschgeräte / Armaturen;Schlüssel, Schachtdeckelheber;Schachtdeckelheber 02;;
407;Löschgeräte / Armaturen;Schlüssel, Schachtdeckelheber;Schachtdeckelheber 01 10-64-2;;2000000423
408;Löschgeräte / Armaturen;Schlüssel, Schachtdeckelheber;Hydrantenschlüssel 08;;2000000444
409;Löschgeräte / Armaturen;Schlüssel, Schachtdeckelheber;Hydrantenschlüssel 07;;2000000098
410;Löschgeräte / Armaturen;Schlüssel, Schachtdeckelheber;Schachtdeckelheber 03;;
411;Löschgeräte / Armaturen;Schlüssel, Schachtdeckelheber;Hydrantenschlüssel 01 10-23-2;;2000000153
412;Löschgeräte / Armaturen;Schlüssel, Schachtdeckelheber;Hydrantenschlüssel 05;;2000000443
413;Löschgeräte / Armaturen;Schlüssel, Schachtdeckelheber;Hydrantenschlüssel 02 10-23-2;;2000000301
414;Löschgeräte / Armaturen;Schlüssel, Schachtdeckelheber;Hydrantenschlüssel 01;;2000000152
415;Löschgeräte / Armaturen;Schlüssel, Schachtdeckelheber;Kupplungsschlüssel 04;;2000000150
416;Löschgeräte / Armaturen;Schlüssel, Schachtdeckelheber;Kupplungsschlüssel 03;;2000000149
417;Löschgeräte / Armaturen;Schlüssel, Schachtdeckelheber;Kupplungsschlüssel 09;2000000837;2000000837
418;Löschgeräte / Armaturen;Schlüssel, Schachtdeckelheber;Kupplungsschlüssel 06;2000000834;2000000834
419;Löschgeräte / Armaturen;Schlüssel, Schachtdeckelheber;Kupplungsschlüssel 02;;2000000044
420;Löschgeräte / Armaturen;Schlüssel, Schachtdeckelheber;Kupplungsschlüssel 01;;2000000045
421;Löschgeräte / Armaturen;Schlüssel, Schachtdeckelheber;Kupplungsschlüssel 05;;2000000046
422;Löschgeräte / Armaturen;Schlüssel, Schachtdeckelheber;Kupplungsschlüssel 07;2000000835;2000000835
423;Löschgeräte / Armaturen;Schlüssel, Schachtdeckelheber;Kupplungsschlüssel 08;2000000836;2000000836
424;Löschgeräte / Armaturen;Schlüssel, Schachtdeckelheber;Hydrantenschlüssel 03;;2000000442
425;Löschgeräte / Armaturen;Sonstiges (Löschgeräte / Armaturen);Schlauchhalter 13;;
426;Löschgeräte / Armaturen;Sonstiges (Löschgeräte / Armaturen);Schlauchhalter 19;2000000840;2000000840
427;Löschgeräte / Armaturen;Sonstiges (Löschgeräte / Armaturen);Schlauchhalter 18;2000000839;2000000839
428;Löschgeräte / Armaturen;Sonstiges (Löschgeräte / Armaturen);Schlauchhalter 17;2000000838;2000000838
429;Löschgeräte / Armaturen;Sonstiges (Löschgeräte / Armaturen);Schlauchhalter 16;;
430;Löschgeräte / Armaturen;Sonstiges (Löschgeräte / Armaturen);Schlauchhalter 15;;
431;Löschgeräte / Armaturen;Sonstiges (Löschgeräte / Armaturen);Reduzierstück B/C 01 10-23-2;;2000000303
432;Löschgeräte / Armaturen;Sonstiges (Löschgeräte / Armaturen);Reduzierstück B/C 02 10-23-2;;2000000304
433;Löschgeräte / Armaturen;Sonstiges (Löschgeräte / Armaturen);Reduzierstück B/C 03 10-23-2;;2000000305
434;Löschgeräte / Armaturen;Sonstiges (Löschgeräte / Armaturen);Schlauchhalter 20;2000000841;2000000841
435;Löschgeräte / Armaturen;Sonstiges (Löschgeräte / Armaturen);Schlauchhalter 08;;
436;Löschgeräte / Armaturen;Sonstiges (Löschgeräte / Armaturen);Reduzierstück A/B 01 10-23-2;;2000000302
437;Löschgeräte / Armaturen;Sonstiges (Löschgeräte / Armaturen);Schlauchhalter 07;;
438;Löschgeräte / Armaturen;Sonstiges (Löschgeräte / Armaturen);Schlauchhalter 06;;
439;Löschgeräte / Armaturen;Sonstiges (Löschgeräte / Armaturen);Schlauchhalter 05;;
440;Löschgeräte / Armaturen;Sonstiges (Löschgeräte / Armaturen);Schlauchhalter 04;;
441;Löschgeräte / Armaturen;Sonstiges (Löschgeräte / Armaturen);Schlauchhalter 03;;
442;Löschgeräte / Armaturen;Sonstiges (Löschgeräte / Armaturen);Schlauchhalter 01;;
443;Löschgeräte / Armaturen;Sonstiges (Löschgeräte / Armaturen);Nebellöschsystem 01 10-23-2;;2000000132
444;Löschgeräte / Armaturen;Sonstiges (Löschgeräte / Armaturen);Reduzierstück B/C 02 10-48-2;;2000000361
445;Löschgeräte / Armaturen;Sonstiges (Löschgeräte / Armaturen);Reduzierstück B/C 01 10-48-2;;2000000360
446;Löschgeräte / Armaturen;Sonstiges (Löschgeräte / Armaturen);Schlauchhalter 09;;
447;Löschgeräte / Armaturen;Sonstiges (Löschgeräte / Armaturen);Reduzierstück B/C 01 10-64-2;;2000000422
448;Löschgeräte / Armaturen;Sonstiges (Löschgeräte / Armaturen);Reduzierstück C/D 02 10-48-2;;2000000363
449;Löschgeräte / Armaturen;Sonstiges (Löschgeräte / Armaturen);Reduzierstück C/D 01 10-23-2;;2000000306
450;Löschgeräte / Armaturen;Sonstiges (Löschgeräte / Armaturen);Reduzierstück C/D 01 10-48-2;;2000000362
451;Löschgeräte / Armaturen;Sonstiges (Löschgeräte / Armaturen);Reduzierstück C/D 01 10-64-2;;2000000420
452;Löschgeräte / Armaturen;Sonstiges (Löschgeräte / Armaturen);Schlauchhalter 14;;
453;Löschgeräte / Armaturen;Sonstiges (Löschgeräte / Armaturen);Schlauchhalter 02;;
454;Löschgeräte / Armaturen;Sonstiges (Löschgeräte / Armaturen);Schlauchhalter 11;;
455;Löschgeräte / Armaturen;Sonstiges (Löschgeräte / Armaturen);Schlauchhalter 10;;
456;Löschgeräte / Armaturen;Sonstiges (Löschgeräte / Armaturen);Schlauchhalter 12;;
457;Löschgeräte / Armaturen;Standrohre;Standrohr 02;;2000000094
458;Löschgeräte / Armaturen;Standrohre;Standrohr 01;;2000000151
459;Löschgeräte / Armaturen;Strahlrohre, allgemein;Mehrzweckstrahlrohr 02 10-23-2;;2000000146
460;Löschgeräte / Armaturen;Strahlrohre, allgemein;Mehrzweckstrahlrohr 01 10-23-2;;2000000138
461;Löschgeräte / Armaturen;Strahlrohre, allgemein;Mehrzweckstrahlrohr 03 10-23-2;;2000000307
462;Löschgeräte / Armaturen;Strahlrohre, allgemein;Mehrzweckstrahlrohr 05;;2000000445
463;Löschgeräte / Armaturen;Strahlrohre, allgemein;Mehrzweckstrahlrohr 04 10-23-2;;2000000309
464;Löschgeräte / Armaturen;Strahlrohre, allgemein;Mehrzweckstrahlrohr 05 10-23-2;;2000000308
465;Löschgeräte / Armaturen;Stützkrümmer, Krümmer, Schlauchabsperrungen;Schlauchabsperrung  03;;2000000449
466;Löschgeräte / Armaturen;Stützkrümmer, Krümmer, Schlauchabsperrungen;Schlauchabsperrung  06;;2000000452
467;Löschgeräte / Armaturen;Stützkrümmer, Krümmer, Schlauchabsperrungen;Stützkrümmer 04;;2000000446
468;Löschgeräte / Armaturen;Stützkrümmer, Krümmer, Schlauchabsperrungen;Absperrhahn 01 10-64-2;;2000000421
469;Löschgeräte / Armaturen;Stützkrümmer, Krümmer, Schlauchabsperrungen;Schlauchabsperrung  02;;2000000448
470;Löschgeräte / Armaturen;Stützkrümmer, Krümmer, Schlauchabsperrungen;Schlauchabsperrung  05;;2000000451
471;Löschgeräte / Armaturen;Stützkrümmer, Krümmer, Schlauchabsperrungen;Stützkrümmer 02 10-48-2;;2000000049
472;Löschgeräte / Armaturen;Stützkrümmer, Krümmer, Schlauchabsperrungen;Stützkrümmer 01 10-23-2;;2000000310
473;Löschgeräte / Armaturen;Stützkrümmer, Krümmer, Schlauchabsperrungen;Stützkrümmer 01 10-48-2;;2000000050
474;Löschgeräte / Armaturen;Stützkrümmer, Krümmer, Schlauchabsperrungen;Schlauchabsperrung  10-23-2 01;;2000000497
475;Löschgeräte / Armaturen;Stützkrümmer, Krümmer, Schlauchabsperrungen;Schlauchabsperrung  04;;2000000450
476;Löschgeräte / Armaturen;Stützkrümmer, Krümmer, Schlauchabsperrungen;Schlauchabsperrung  01;;2000000447
477;Löschgeräte / Armaturen;Stützkrümmer, Krümmer, Schlauchabsperrungen;Absperrhahn 01;;2000000096
478;Löschgeräte / Armaturen;Verteiler / Sammelstücke;Sammelstück 01;;2000000148
479;Löschgeräte / Armaturen;Verteiler / Sammelstücke;Verteiler CBC 03;;2000000051
480;Löschgeräte / Armaturen;Verteiler / Sammelstücke;Verteiler CBC 04;;2000000088
481;Löschgeräte / Armaturen;Verteiler / Sammelstücke;Verteiler CBC 05;;2000000453
482;Löschgeräte / Armaturen;Verteiler / Sammelstücke;Verteiler CBC 06;;2000000454
483;Löschgeräte / Armaturen;Verteiler / Sammelstücke;Sammelstück 02;;2000000100
484;Löschgeräte / Armaturen;Verteiler / Sammelstücke;Verteiler CBC 02 10-23-2;;2000000140
485;Löschgeräte / Armaturen;Verteiler / Sammelstücke;Verteiler CBC 01 10-23-2;;2000000311
486;Maschinen;Akkus für akkubetriebene Werkzeuge;Milwaukee Akku 10-64-2 02;2000000850;2000000850
487;Maschinen;Akkus für akkubetriebene Werkzeuge;Milwaukee Akku 10-64-2 01;2000000849;2000000849
488;Maschinen;Bohrmaschinen;Bohrmaschine 01 10-64-2;;2000000643
489;Maschinen;Elektrokettensägen;Elektrokettensäge 01 10-64-2;;2000000647
490;Maschinen;Ladegeräte für Akkuwerkzeuge;Spannungswandler mob. 01;2000000868;2000000868
491;Maschinen;Ladegeräte für Akkuwerkzeuge;Milwaukee Ladegerät 10-64-2 02;2000000865;2000000865
492;Maschinen;Ladegeräte für Akkuwerkzeuge;Milwaukee Ladegerät 10-64-2 01;2000000848;2000000848
493;Maschinen;Ladegeräte für Akkuwerkzeuge;Spannungswandler mob. 02;2000000869;2000000869
494;Maschinen;Motorkettensägen;Motorkettensäge 01 10-48-2;;2000000060
495;Maschinen;Motorkettensägen;Motorkettensäge GH Zug2  03;;2000000455
496;Maschinen;Motorkettensägen;Motorkettensäge 01 10-64-2;;2000000237
497;Maschinen;Motorkettensägen;Motorkettensäge 01 10-23-2;;2000000155
498;Maschinen;Rettungssägen;Rettungskettensäge 02 10-48-2;;2000000818
499;Maschinen;Sägen;Säbelsäge Bosch 01 10-48-2;;2000000058
500;Maschinen;Sägen;Säbelsäge Bosch 01 10-64-2 01;;2000000640
501;Maschinen;Trennen, Zubehör;Trennscheibe 21;;
502;Maschinen;Trennen, Zubehör;Trennscheibe 23;;
503;Maschinen;Trennen, Zubehör;Trennscheibe 25;;
504;Maschinen;Trennen, Zubehör;Trennscheibe 27;;
505;Maschinen;Trennen, Zubehör;Trennscheibe 28;;
506;Maschinen;Trennen, Zubehör;Trennscheibe 29;;
507;Maschinen;Trennen, Zubehör;Trennscheibe 05;;
508;Maschinen;Trennen, Zubehör;Trennscheibe 09;;
509;Maschinen;Trennen, Zubehör;Trennscheibe 12;;
510;Maschinen;Trennen, Zubehör;Trennscheibe 11;;
511;Maschinen;Trennen, Zubehör;Trennscheibe 06;;
512;Maschinen;Trennen, Zubehör;Trennscheibe 08;;
513;Maschinen;Trennen, Zubehör;Trennscheibe 07;;
514;Maschinen;Trennen, Zubehör;Trennscheibe 01;;
515;Maschinen;Trennen, Zubehör;Trennscheibe 03;;
516;Maschinen;Trennen, Zubehör;Trennscheibe 02;;
517;Maschinen;Trennen, Zubehör;Trennscheibe 04;;
518;Maschinen;Trennen, Zubehör;Trennscheibe 10;;
519;Maschinen;Trennen, Zubehör;Trennscheibe 13;;
520;Maschinen;Trennen, Zubehör;Trennscheibe 24;;
521;Maschinen;Trennen, Zubehör;Trennscheibe 26;;
522;Maschinen;Trennen, Zubehör;Trennscheibe 18;;
523;Maschinen;Trennen, Zubehör;Trennscheibe 19;;
524;Maschinen;Trennen, Zubehör;Trennscheibe 14;;
525;Maschinen;Trennen, Zubehör;Trennscheibe 20;;
526;Maschinen;Trennen, Zubehör;Trennscheibe 22;;
527;Maschinen;Trennen, Zubehör;Trennscheibe 17;;
528;Maschinen;Trennen, Zubehör;Trennscheibe 16;;
529;Maschinen;Trennen, Zubehör;Trennscheibe 15;;
530;Maschinen;Trennschleifer mit Elektromotor;Trennschleifer 10-23-2 01;;2000000600
531;Maschinen;Trennschleifer mit Elektromotor;Trennschleifer 01 10-64-2;;2000000641
532;Maschinen;Trennschleifer mit Elektromotor;Trennschleifer 10-48-2 01;;2000000605
533;Rettungsdienst;Beatmung;Druckminderer O² Oxybag 10-48-2;2000000550;2000000550
534;Rettungsdienst;Beatmung;RD O2 Bag 10-48-2;;2000000075
535;Rettungsdienst;Blutdruckmessgerät;Blutdruckmessgerät 10-48-2,2;2000000517;2000000517
536;Rettungsdienst;Blutdruckmessgerät;Blutdruckmessgerät 10-48-2,1;2000000518;2000000518
537;Rettungsdienst;EKG / Defibrillator;Defibrillator 10-002;2000000616;2000000616
538;Rettungsdienst;EKG / Defibrillator;Defibrillator 10-17-2;2000000076;2000000076
539;Rettungsdienst;Taschen / Rucksäcke;AED Rucksack 10-17-2;2000000543;2000000543
540;Rettungsdienst;Taschen / Rucksäcke;Notfallrucksack 10-48-2;2000000112;2000000112
541;Rettungsdienst;Taschen / Rucksäcke;Notfallrucksack 10-23-2;2000000179;2000000179
542;Rettungsgeräte und Leitern;Gerätesatz Auf- und Abseilgerät;Rollgliss;;2000000036
543;Rettungsgeräte und Leitern;Hebekissensystem >1 bar;Hebekissen 04 10-48-2, 10bar;;2000000011
544;Rettungsgeräte und Leitern;Hebekissensystem >1 bar;Doppelventil 01 10-48-2, 16bar;41226381;2000000029
545;Rettungsgeräte und Leitern;Hebekissensystem >1 bar;"Füllschlauch 01 10-64-2; 10bar";;2000000234
546;Rettungsgeräte und Leitern;Hebekissensystem >1 bar;Hebekissen 02 10-48-2, 10bar;;2000000009
547;Rettungsgeräte und Leitern;Hebekissensystem >1 bar;Hebekissen 01 10-48-2, 10bar;;2000000008
548;Rettungsgeräte und Leitern;Hebekissensystem >1 bar;Hebekissen 03 10-48-2, 10bar;;20000000010
549;Rettungsgeräte und Leitern;Hebekissensystem >1 bar;"Füllschlauch 02 10-48-2; 16bar";;2000000365
550;Rettungsgeräte und Leitern;Hebekissensystem >1 bar;"Doppelventil 01 10-64-2; 10bar";;2000000240
551;Rettungsgeräte und Leitern;Hebekissensystem >1 bar;"Druckminderer 01 10-64-2; 16bar";;2000000241
552;Rettungsgeräte und Leitern;Hebekissensystem >1 bar;"Füllschlauch 02 10-64-2; 10bar";;2000000242
553;Rettungsgeräte und Leitern;Hebekissensystem >1 bar;"Füllschlauch 01 10-48-2; 16bar";;2000000364
554;Rettungsgeräte und Leitern;Hebekissensystem >1 bar;"Druckminderer 01 10-48-2; 14bar";;2000000030
555;Rettungsgeräte und Leitern;Multifunktionsleitern;Mehrzweckleiter GH 01;;2000000536
556;Rettungsgeräte und Leitern;Rettungsplattform;Rettungsplattform 10-48-2;;2000000025
557;Rettungsgeräte und Leitern;Schiebleitern;Schiebleiter 10-48-2 02;;2000000487
558;Rettungsgeräte und Leitern;Sonstiges (Rettungsgeräte / Leitern);Gleisfahrwerk 01 10-48-2;;2000000366
559;Rettungsgeräte und Leitern;Sprungpolster;Sprungpolster 02 10-48-2;;
560;Rettungsgeräte und Leitern;Steckleiter-Einsteckteil;Steckleiter-Einsteckteil 03;;2000000499
561;Rettungsgeräte und Leitern;Steckleiter-Einsteckteil;Steckleiter-Einsteckteil GH 01;;2000000273
562;Rettungsgeräte und Leitern;Steckleiter-Einsteckteil;Steckleiter-Einsteckteil 02 10-48-2;;2000000498
563;Rettungsgeräte und Leitern;Steckleitern;Steckleiterteil B 10-48-2 01;;2000000275
564;Rettungsgeräte und Leitern;Steckleitern;Steckleiterteil A 10-23-2 01;;2000000255
565;Rettungsgeräte und Leitern;Steckleitern;Steckleiterteil B 10-48-2 02;;2000000258
566;Rettungsgeräte und Leitern;Steckleitern;Steckleiterteil A 10-64-2 01;;2000000265
567;Rettungsgeräte und Leitern;Steckleitern;Steckleiterteil B 10-64-2 02;;2000000269
568;Rettungsgeräte und Leitern;Steckleitern;Steckleiterteil B 10-23-2 02;;2000000256
569;Rettungsgeräte und Leitern;Steckleitern;Steckleiterteil B 10-23-2 01;;2000000274
570;Rettungsgeräte und Leitern;Steckleitern;Steckleiterteil B 10-48-2 03;;2000000257
571;Rettungsgeräte und Leitern;Steckleitern;Steckleiterteil B 10-64-2 03;;2000000268
572;Rettungsgeräte und Leitern;Steckleitern;Steckleiterteil B 10-23-2 03;;2000000276
573;Rettungsgeräte und Leitern;Steckleitern;Steckleiterteil B 10-64-2 01;;2000000266
574;Rettungsgeräte und Leitern;Steckleitern;Steckleiterteil B 10-48-2 04;;2000000277
575;Rettungsgeräte und Leitern;Steckleitern;Steckleiterteil B 04;;2000000503
576;Rettungsgeräte und Leitern;Steckleitern;Steckleiterteil B 03;;2000000502
577;Rettungsgeräte und Leitern;Steckleitern;Steckleiterteil B 02;;2000000501
578;Rettungsgeräte und Leitern;Steckleitern;Steckleiterteil B 01;;2000000500
579;Rettungsgeräte und Leitern;Steckleiter-Verbindungsteil;Steckleiter-Verbindungst 01 10-48-2;;2000000270
580;Rettungsgeräte und Leitern;Teleskopleitern;Teleskopleiter 10-11-2  01;;2000000280
581;Rettungsgeräte und Leitern;Trittleitern;Stufenstehleiter GH 01;;2000000535
582;Sanitätsausrüstung, Zelte;Sanität: Decken und Tücher;Einmaldecke 03;;
583;Sanitätsausrüstung, Zelte;Sanität: Decken und Tücher;Wolldecke 02;;
584;Sanitätsausrüstung, Zelte;Sanität: Decken und Tücher;Wolldecke 01;;
585;Sanitätsausrüstung, Zelte;Sanität: Decken und Tücher;Einmaldecke 06;;
586;Sanitätsausrüstung, Zelte;Sanität: Decken und Tücher;Wolldecke 04;;
587;Sanitätsausrüstung, Zelte;Sanität: Decken und Tücher;Einmaldecke 01;;
588;Sanitätsausrüstung, Zelte;Sanität: Decken und Tücher;Wolldecke 03;;
589;Sanitätsausrüstung, Zelte;Sanität: Decken und Tücher;Wolldecke 05;;
590;Sanitätsausrüstung, Zelte;Sanität: Decken und Tücher;Wolldecke 06;;
591;Sanitätsausrüstung, Zelte;Sanität: Decken und Tücher;Wolldecke 07;;
592;Sanitätsausrüstung, Zelte;Sanität: Decken und Tücher;Wolldecke 09;;
593;Sanitätsausrüstung, Zelte;Sanität: Decken und Tücher;Einmaldecke 02;;
594;Sanitätsausrüstung, Zelte;Sanität: Decken und Tücher;Einmaldecke 04;;
595;Sanitätsausrüstung, Zelte;Sanität: Decken und Tücher;Einmaldecke 05;;
596;Sanitätsausrüstung, Zelte;Sanität: Decken und Tücher;Wolldecke 10;;
597;Sanitätsausrüstung, Zelte;Sanität: Decken und Tücher;Wolldecke 08;;
598;Sanitätsausrüstung, Zelte;Sanität: Krankentragen;Krankentrage 01 10-64-2;2000000313;2000000313
599;Sanitätsausrüstung, Zelte;Sanität: Krankentragen;Krankentrage 02 10-23-3;2000000676;2000000676
600;Sanitätsausrüstung, Zelte;Sanität: Rettungsbrett (Spineboard), Rettungstücher;Spineboard;;2000000032
601;Sanitätsausrüstung, Zelte;Sanität: Rettungsbrett (Spineboard), Rettungstücher;Rettungstuch 10-64-2 03;2000000761;2000000761
602;Sanitätsausrüstung, Zelte;Sanität: Rettungsbrett (Spineboard), Rettungstücher;Rettungstuch 10-64-2 02;2000000762;2000000762
603;Sanitätsausrüstung, Zelte;Sanität: Rettungsbrett (Spineboard), Rettungstücher;Rettungstuch 10-48-2 02;2000000793;2000000793
604;Sanitätsausrüstung, Zelte;Sanität: Rettungsbrett (Spineboard), Rettungstücher;Rettungstuch 10-64-2 01;;2000000315
605;Sanitätsausrüstung, Zelte;Sanität: Rettungsbrett (Spineboard), Rettungstücher;Rettungstuch 10-48-2 01;;2000000627
606;Sanitätsausrüstung, Zelte;Sanität: Rettungsbrett (Spineboard), Rettungstücher;Rettungstuch 10-23-2 01;;2000000652
607;Sanitätsausrüstung, Zelte;Sanität: Rettungsbrett (Spineboard), Rettungstücher;Rettungstuch 10-23-2 02;;2000000653
608;Sanitätsausrüstung, Zelte;Sanität: Rettungsbrett (Spineboard), Rettungstücher;Rettungstuch 01;;2000000314
609;Sanitätsausrüstung, Zelte;Sanität: Rettungsbrett (Spineboard), Rettungstücher;Rettungstuch 10-48-2 03;2000000670;2000000670
610;Sanitätsausrüstung, Zelte;Sanität: Schleifkorbtrage;Schleifkorbtrage 01;2000000677;2000000677
611;Sanitätsausrüstung, Zelte;Sanität: Verbandkästen und -rucksäcke;KFZ Verbandkasten( 2022) 10-23-2;2000000547;2000000547
612;Sanitätsausrüstung, Zelte;Sanität: Verbandkästen und -rucksäcke;KFZ-Verbandtasche 10-23-2;2000000786;2000000786
613;Sanitätsausrüstung, Zelte;Sanität: Verbandkästen und -rucksäcke;Notfalltasche 10-64-2;2000000827;2000000827
614;Sanitätsausrüstung, Zelte;Sanität: Verbandkästen und -rucksäcke;KFZ-Verbandtasche 10-11-2;2000000787;2000000787
615;Sanitätsausrüstung, Zelte;Sanität: Verbandkästen und -rucksäcke;KFZ-Verbandtasche 10-17-2;2000000788;2000000788
616;Sanitätsausrüstung, Zelte;Sanität: Verbandkästen und -rucksäcke;KFZ-Verbandtasche 10-64-2;2000000785;2000000785
617;Sanitätsausrüstung, Zelte;Sanität: Verbandkästen und -rucksäcke;Notfalltasche 10-17-2;2000000519;2000000519
618;Sanitätsausrüstung, Zelte;Sanität: Verbandkästen und -rucksäcke;Notfalltasche 10-23-2;2000000178;2000000178
619;Sanitätsausrüstung, Zelte;Sanität: Verbandkästen und -rucksäcke;KFZ Verbandkasten( 2022) 10-11-2;2000000545;2000000545
620;Sanitätsausrüstung, Zelte;Sanität: Verbandkästen und -rucksäcke;KFZ Verbandkasten( 2022) 10-48-2;2000000548;2000000548
621;Sanitätsausrüstung, Zelte;Sanität: Verbandkästen und -rucksäcke;KFZ Verbandkasten( 2022) 10-64-2;2000000549;2000000549
622;Sanitätsausrüstung, Zelte;Sanität: Verbandkästen und -rucksäcke;KFZ Verbandkasten( 2022) 10-17-2;2000000546;2000000546
623;Sanitätsausrüstung, Zelte;Sanität: Verbandkästen und -rucksäcke;EH Tasche GH Zug 2;2000000544;2000000544
624;Schläuche / Schlauchpflegegeräte;Schlauchbrücken, -überführungen;Schlauchbrücke 01;;
625;Schläuche / Schlauchpflegegeräte;Schlauchbrücken, -überführungen;Schlauchbrücke 04;;
626;Schläuche / Schlauchpflegegeräte;Schlauchbrücken, -überführungen;Schlauchbrücke 03;;
627;Schläuche / Schlauchpflegegeräte;Schlauchbrücken, -überführungen;Schlauchbrücke 02;;
628;Schläuche / Schlauchpflegegeräte;Schlauchbrücken, -überführungen;Schlauchbrücke 05;;
629;Schläuche / Schlauchpflegegeräte;Schlauchzubehör;Hebelschlauchbinde C42 01;2000000830;2000000830
630;Schläuche / Schlauchpflegegeräte;Schlauchzubehör;Hebelschlauchbinde C42 04;2000000833;2000000833
631;Schläuche / Schlauchpflegegeräte;Schlauchzubehör;Hebelschlauchbinde C42 03;2000000832;2000000832
632;Schläuche / Schlauchpflegegeräte;Schlauchzubehör;Hebelschlauchbinde C42 02;2000000831;2000000831
633;Schutzbekleidung;Latzhose mit Ringsum-Beinschutz;Schnittschutzbekleidung 01 10-48-2;;2000000368
634;Schutzbekleidung;Latzhose mit Ringsum-Beinschutz;Schnittschutzbekleidung 02 10-64-2;;2000000395
635;Schutzbekleidung;Latzhose mit Ringsum-Beinschutz;Schnittschutzbekleidung 02 10-48-2;;2000000369
636;Schutzbekleidung;Latzhose mit Ringsum-Beinschutz;Schnittschutzbekleidung 01 10-64-2;;2000000394
637;Schutzbekleidung;Schnittschutzkleidung;Schnittschutzhose 10-23-2 01;2000000587;2000000587
638;Schutzbekleidung;Schutzbrillen;Schutzbrille 10-48-2 01;;
639;Schutzbekleidung;Schutzbrillen;Schutzbrille 10-64-01;;
640;Schutzbekleidung;Schutzbrillen;Schutzbrille 10-23-1 01;;
641;Schutzbekleidung;Schutzbrillen;Schutzbrille 10-48-2 02;;
642;Schutzbekleidung;Schutzbrillen;Schutzbrille 10-64-02;;
643;Schutzbekleidung;Schutzhandschuhe, Gummi, säurebeständig;Schutzhandschuh  06 10-64-2;;
644;Schutzbekleidung;Schutzhandschuhe, Gummi, säurebeständig;Schutzhandschuh  07 10-64-2;;2000000412
645;Schutzbekleidung;Schutzhandschuhe, Gummi, säurebeständig;Schutzhandschuh  08 10-64-2;;2000000413
646;Schutzbekleidung;Schutzhandschuhe, Gummi, säurebeständig;Schutzhandschuh  09 10-64-2;;
647;Schutzbekleidung;Schutzhandschuhe, Gummi, säurebeständig;Schutzhandschuh  02 10-48-2;;2000000371
648;Schutzbekleidung;Schutzhandschuhe, Gummi, säurebeständig;Schutzhandschuh  03 10-48-2;;2000000372
649;Schutzbekleidung;Schutzhandschuhe, Gummi, säurebeständig;Schutzhandschuh  01 10-64-2;;2000000406
650;Schutzbekleidung;Schutzhandschuhe, Gummi, säurebeständig;Schutzhandschuh  04 10-48-2;;2000000373
651;Schutzbekleidung;Schutzhandschuhe, Gummi, säurebeständig;Schutzhandschuh  02 10-64-2;;2000000407
652;Schutzbekleidung;Schutzhandschuhe, Gummi, säurebeständig;Schutzhandschuh  01 10-48-2;;2000000370
653;Schutzbekleidung;Schutzhandschuhe, Gummi, säurebeständig;Schutzhandschuh  03 10-64-2;;2000000408
654;Schutzbekleidung;Schutzhandschuhe, Gummi, säurebeständig;Schutzhandschuh  04 10-64-2;;2000000409
655;Schutzbekleidung;Schutzhandschuhe, Gummi, säurebeständig;Schutzhandschuh 10 10-64-2;;2000000415
656;Schutzbekleidung;Schutzhandschuhe, Gummi, säurebeständig;Schutzhandschuh  05 10-64-2;;2000000411
657;Schutzbekleidung;Sonstiges (Schutzkleidung);Wasserrettungshelm 02;2000000882;2000000882
658;Schutzbekleidung;Sonstiges (Schutzkleidung);Wasserrettungshelm 01;2000000881;2000000881
659;Schutzbekleidung;Waldarbeiter Helm;Waldarbeiterhelm 10-64-2 01;2000000783;2000000783
660;Schutzbekleidung;Waldarbeiter Helm;Waldarbeiterhelm 10-48-2 01;2000000782;2000000782
661;Schutzbekleidung;Waldarbeiter Helm;Waldarbeiterhelm 10-64-2 02;2000000784;2000000784
662;Schutzbekleidung;Waldarbeiter Helm;Waldarbeiterhelm 10-23-2 01;;2000000589
663;Schutzbekleidung;Waldarbeiter Helm;Waldarbeiterhelm 01;2000000789;2000000789
664;Schutzbekleidung;Wathose;Wathose 10-64-2 04;2000000823;2000000823
665;Schutzbekleidung;Wathose;Wathose 10-64-2 03;;2000000190
666;Schutzbekleidung;Wathose;Wathose 10-64-2 01;;2000000188
667;Schutzbekleidung;Wathose;Wathose 10-64-2 05;2000000824;2000000824
668;Schutzbekleidung;Wathose;Wathose 10-64-2 02;;2000000189
669;Signal / Warngeräte / Verkehrssicherung;Anhaltestäbe;Winkerkelle 10-11-2 09;;2000000278
670;Signal / Warngeräte / Verkehrssicherung;Anhaltestäbe;Winkerkelle 10-48-2 04;;2000000115
671;Signal / Warngeräte / Verkehrssicherung;Anhaltestäbe;Winkerkelle 10-23-2 01;;2000000168
672;Signal / Warngeräte / Verkehrssicherung;Anhaltestäbe;Winkerkelle 10-11-2 10;;2000000279
673;Signal / Warngeräte / Verkehrssicherung;Anhaltestäbe;Winkerkelle 10-64-2 05;;2000000182
674;Signal / Warngeräte / Verkehrssicherung;Anhaltestäbe;Winkerkelle 10-17-2 07;;2000000594
675;Signal / Warngeräte / Verkehrssicherung;Anhaltestäbe;Winkerkelle 10-17-2 08;;2000000595
676;Signal / Warngeräte / Verkehrssicherung;Anhaltestäbe;Winkerkelle 10-23-2 02;;2000000169
677;Signal / Warngeräte / Verkehrssicherung;Anhaltestäbe;Winkerkelle 10-64-2 06;;2000000181
678;Signal / Warngeräte / Verkehrssicherung;Anhaltestäbe;Winkerkelle 10-48-2 03;;2000000114
679;Signal / Warngeräte / Verkehrssicherung;Elektronen-Blitzleuchten;Triblitz 10-23-2 01;2000000765;2000000765
680;Signal / Warngeräte / Verkehrssicherung;Elektronen-Blitzleuchten;Triblitz 10-64-2 01;;2000000200
681;Signal / Warngeräte / Verkehrssicherung;Faltsignale;Warndreieck 06;;2000000457
682;Signal / Warngeräte / Verkehrssicherung;Faltsignale;Faltsignal 03;;2000000225
683;Signal / Warngeräte / Verkehrssicherung;Faltsignale;Warndreieck 02 10-23-2;;2000000319
684;Signal / Warngeräte / Verkehrssicherung;Faltsignale;Warndreieck 05;;
685;Signal / Warngeräte / Verkehrssicherung;Faltsignale;Warndreieck 01 10-64-2;;2000000404
686;Signal / Warngeräte / Verkehrssicherung;Faltsignale;Warndreieck 03;;2000000113
687;Signal / Warngeräte / Verkehrssicherung;Faltsignale;Faltsignal 04;2000000678;2000000678
688;Signal / Warngeräte / Verkehrssicherung;Faltsignale;Faltsignal 01;;2000000222
689;Signal / Warngeräte / Verkehrssicherung;Faltsignale;Warndreieck 01 10-23-2;;2000000318
690;Signal / Warngeräte / Verkehrssicherung;Faltsignale;Faltsignal 02;;2000000224
691;Signal / Warngeräte / Verkehrssicherung;Handmegaphone;Handmegaphone 02;;2000000183
692;Signal / Warngeräte / Verkehrssicherung;Handmegaphone;Handmegaphone 01;;2000000118
693;Signal / Warngeräte / Verkehrssicherung;Sonstiges (Signal- / Warngeräte);Absperrstange 02;;
694;Signal / Warngeräte / Verkehrssicherung;Sonstiges (Signal- / Warngeräte);Schutzhülle 01;2000000828;2000000828
695;Signal / Warngeräte / Verkehrssicherung;Sonstiges (Signal- / Warngeräte);Absperrstange 05;;
696;Signal / Warngeräte / Verkehrssicherung;Sonstiges (Signal- / Warngeräte);Absperrstange 03;;
697;Signal / Warngeräte / Verkehrssicherung;Sonstiges (Signal- / Warngeräte);Schutzhülle 02;2000000829;2000000829
698;Signal / Warngeräte / Verkehrssicherung;Sonstiges (Signal- / Warngeräte);Absperrstange 01;;
699;Signal / Warngeräte / Verkehrssicherung;Sonstiges (Signal- / Warngeräte);Absperrstange 04;;
700;Signal / Warngeräte / Verkehrssicherung;Verkehrsleitkegel;Verkehrsleitkegel 09;;2000000069
701;Signal / Warngeräte / Verkehrssicherung;Verkehrsleitkegel;Verkehrsleitkegel LED 01;;2000000124
702;Signal / Warngeräte / Verkehrssicherung;Verkehrsleitkegel;Verkehrsleitkegel 10-64-2 02;2000000538;2000000538
703;Signal / Warngeräte / Verkehrssicherung;Verkehrsleitkegel;Verkehrsleitkegel 10-64-2 04;2000000540;2000000540
704;Signal / Warngeräte / Verkehrssicherung;Verkehrsleitkegel;Verkehrsleitkegel LED 08;;2000000074
705;Signal / Warngeräte / Verkehrssicherung;Verkehrsleitkegel;Verkehrsleitkegel LED 07;;2000000073
706;Signal / Warngeräte / Verkehrssicherung;Verkehrsleitkegel;Verkehrsleitkegel LED 05;;2000000071
707;Signal / Warngeräte / Verkehrssicherung;Verkehrsleitkegel;Verkehrsleitkegel LED 04;;2000000127
708;Signal / Warngeräte / Verkehrssicherung;Verkehrsleitkegel;Verkehrsleitkegel LED 03;;2000000126
709;Signal / Warngeräte / Verkehrssicherung;Verkehrsleitkegel;Verkehrsleitkegel LED 02;;2000000125
710;Signal / Warngeräte / Verkehrssicherung;Verkehrsleitkegel;Verkehrsleitkegel 10-17-2 01;;2000000466
711;Signal / Warngeräte / Verkehrssicherung;Verkehrsleitkegel;Verkehrsleitkegel 06 10-17-2;;2000000463
712;Signal / Warngeräte / Verkehrssicherung;Verkehrsleitkegel;Verkehrsleitkegel 10-23-2 04;;2000000206
713;Signal / Warngeräte / Verkehrssicherung;Verkehrsleitkegel;Verkehrsleitkegel 10;;2000000070
714;Signal / Warngeräte / Verkehrssicherung;Verkehrsleitkegel;Verkehrsleitkegel 08;;2000000068
715;Signal / Warngeräte / Verkehrssicherung;Verkehrsleitkegel;Verkehrsleitkegel 07;;2000000067
716;Signal / Warngeräte / Verkehrssicherung;Verkehrsleitkegel;Verkehrsleitkegel 06;;2000000066
717;Signal / Warngeräte / Verkehrssicherung;Verkehrsleitkegel;Verkehrsleitkegel 05;;2000000065
718;Signal / Warngeräte / Verkehrssicherung;Verkehrsleitkegel;Verkehrsleitkegel 10-64-2 05;2000000541;2000000541
719;Signal / Warngeräte / Verkehrssicherung;Verkehrsleitkegel;Verkehrsleitkegel 10-64-2 03;2000000539;2000000539
720;Signal / Warngeräte / Verkehrssicherung;Verkehrsleitkegel;Verkehrsleitkegel 10-64-2 01;2000000537;2000000537
721;Signal / Warngeräte / Verkehrssicherung;Verkehrsleitkegel;Verkehrsleitkegel 10-17-2 03;;2000000460
722;Signal / Warngeräte / Verkehrssicherung;Verkehrsleitkegel;Verkehrsleitkegel 10-17-2 02;;2000000465
723;Signal / Warngeräte / Verkehrssicherung;Verkehrsleitkegel;Verkehrsleitkegel 10-17-2 04;;2000000464
724;Signal / Warngeräte / Verkehrssicherung;Verkehrsleitkegel;Verkehrsleitkegel 10-23-2 02;;2000000122
725;Signal / Warngeräte / Verkehrssicherung;Verkehrsleitkegel;Verkehrsleitkegel 10-23-2 03;;2000000123
726;Signal / Warngeräte / Verkehrssicherung;Verkehrsleitkegel;Verkehrsleitkegel 10-23-2 01;;2000000121
727;Signal / Warngeräte / Verkehrssicherung;Verkehrsleitkegel;Verkehrsleitkegel 10-64-2 06;2000000542;2000000542
728;Signal / Warngeräte / Verkehrssicherung;Verkehrsleitkegel;Verkehrsleitkegel LED 09;2000000846;2000000846
729;Signal / Warngeräte / Verkehrssicherung;Warnblinkleuchten;Bodenhindernisleuchte 06 10-48-2;;2000000764
730;Signal / Warngeräte / Verkehrssicherung;Warnblinkleuchten;Bodenhindernisleuchte 01 10-64-2;;2000000262
731;Signal / Warngeräte / Verkehrssicherung;Warnblinkleuchten;Warnblitzer 13 10-23-2;2000000810;2000000810
732;Signal / Warngeräte / Verkehrssicherung;Warnblinkleuchten;Warnblitzer 06 10-48-2;2000000803;2000000803
733;Signal / Warngeräte / Verkehrssicherung;Warnblinkleuchten;Bodenhindernisleuchte 05 10-23-2;;2000000507
734;Signal / Warngeräte / Verkehrssicherung;Warnblinkleuchten;Bodenhindernisleuchte 03 10-64-2;;2000000509
735;Signal / Warngeräte / Verkehrssicherung;Warnblinkleuchten;Bodenhindernisleuchte 04 10-64-2;;2000000210
736;Signal / Warngeräte / Verkehrssicherung;Warnblinkleuchten;Warnblitzer 03 10-11-2;;2000000468
737;Signal / Warngeräte / Verkehrssicherung;Warnblinkleuchten;Warnblitzer 04 10-11-2;;2000000471
738;Signal / Warngeräte / Verkehrssicherung;Warnblinkleuchten;Warnblitzer 15 10-64-2;2000000812;2000000812
739;Signal / Warngeräte / Verkehrssicherung;Warnblinkleuchten;Bodenhindernisleuchte 02 10-48-2;;2000000055
740;Signal / Warngeräte / Verkehrssicherung;Warnblinkleuchten;Warnblitzer 08 10-17-2;2000000805;2000000805
741;Signal / Warngeräte / Verkehrssicherung;Warnblinkleuchten;Bodenhindernisleuchte 01 10-23-2;;2000000170
742;Signal / Warngeräte / Verkehrssicherung;Warnblinkleuchten;Warnblitzer 14 10-64-2;2000000811;2000000811
743;Signal / Warngeräte / Verkehrssicherung;Warnblinkleuchten;Bodenhindernisleuchte 04 10-48-2;;2000000057
744;Signal / Warngeräte / Verkehrssicherung;Warnblinkleuchten;Warnblitzer 07 10-48-2;2000000804;2000000804
745;Signal / Warngeräte / Verkehrssicherung;Warnblinkleuchten;Warnblitzer 12 10-23-2;2000000809;2000000809
746;Signal / Warngeräte / Verkehrssicherung;Warnblinkleuchten;Warnblitzer 11 10-11-2;2000000808;2000000808
747;Signal / Warngeräte / Verkehrssicherung;Warnblinkleuchten;Warnblitzer 10 10-11-2;2000000807;2000000807
748;Signal / Warngeräte / Verkehrssicherung;Warnblinkleuchten;Bodenhindernisleuchte 05 10-64-2;;2000000511
749;Signal / Warngeräte / Verkehrssicherung;Warnblinkleuchten;Bodenhindernisleuchte 02 10-23-2;;2000000504
750;Signal / Warngeräte / Verkehrssicherung;Warnblinkleuchten;Bodenhindernisleuchte 01 10-48-2;;2000000054
751;Signal / Warngeräte / Verkehrssicherung;Warnblinkleuchten;Warnblitzer 09 10-17-2;2000000806;2000000806
752;Signal / Warngeräte / Verkehrssicherung;Warnblinkleuchten;Bodenhindernisleuchte 02 10-64-2;;2000000508
753;Signal / Warngeräte / Verkehrssicherung;Warnblinkleuchten;Bodenhindernisleuchte 05 10-48-2;;2000000263
754;Signal / Warngeräte / Verkehrssicherung;Warnblinkleuchten;Warnblitzer 02 10-11-2;;2000000469
755;Signal / Warngeräte / Verkehrssicherung;Warnblinkleuchten;Bodenhindernisleuchte 03 10-23-2;;2000000505
756;Signal / Warngeräte / Verkehrssicherung;Warnblinkleuchten;Bodenhindernisleuchte 04 10-23-2;;2000000506
757;Signal / Warngeräte / Verkehrssicherung;Warnwesten;Warnweste FF 01 10-48-2;;2000000374
758;Signal / Warngeräte / Verkehrssicherung;Warnwesten;Warnweste FF 10-23-2 06;;2000000685
759;Signal / Warngeräte / Verkehrssicherung;Warnwesten;Warnweste FF 02 10-64-2;;2000000399
760;Signal / Warngeräte / Verkehrssicherung;Warnwesten;Warnweste FF 03 10-64-2;;2000000400
761;Signal / Warngeräte / Verkehrssicherung;Warnwesten;Warnweste FF 10-23-2 02;;2000000681
762;Signal / Warngeräte / Verkehrssicherung;Warnwesten;Warnweste FF 07 10-48-2;;2000000380
763;Signal / Warngeräte / Verkehrssicherung;Warnwesten;Warnweste FF 06 10-48-2;;2000000379
764;Signal / Warngeräte / Verkehrssicherung;Warnwesten;Warnweste FF 04 10-64-2;;2000000401
765;Signal / Warngeräte / Verkehrssicherung;Warnwesten;Warnweste FF 05 10-64-2;;2000000402
766;Signal / Warngeräte / Verkehrssicherung;Warnwesten;Warnweste FF 06 10-64-2;;2000000403
767;Signal / Warngeräte / Verkehrssicherung;Warnwesten;Warnweste FF 05 10-48-2;;2000000378
768;Signal / Warngeräte / Verkehrssicherung;Warnwesten;Warnweste FF 04 10-48-2;;2000000377
769;Signal / Warngeräte / Verkehrssicherung;Warnwesten;Warnweste FF 01 10-64-2;;2000000398
770;Signal / Warngeräte / Verkehrssicherung;Warnwesten;Warnweste FF 03 10-48-2;;2000000376
771;Signal / Warngeräte / Verkehrssicherung;Warnwesten;Warnweste FF 02 10-48-2;;2000000375
772;Signal / Warngeräte / Verkehrssicherung;Warnwesten;Warnweste FF 10-23-2 05;;2000000684
773;Signal / Warngeräte / Verkehrssicherung;Warnwesten;Warnweste FF 10-23-2 08;;2000000687
774;Signal / Warngeräte / Verkehrssicherung;Warnwesten;Warnweste FF 10-11-2 01;;2000000688
775;Signal / Warngeräte / Verkehrssicherung;Warnwesten;Warnweste FF 10-11-2 02;;2000000689
776;Signal / Warngeräte / Verkehrssicherung;Warnwesten;Warnweste FF 10-23-2 01;;2000000680
777;Signal / Warngeräte / Verkehrssicherung;Warnwesten;Warnweste FF 10-23-2 03;;2000000682
778;Signal / Warngeräte / Verkehrssicherung;Warnwesten;Warnweste FF 10-23-2 07;;2000000686
779;Signal / Warngeräte / Verkehrssicherung;Warnwesten;Warnweste FF 10-23-2 04;;2000000683
780;Sonstige Geräte;Kanister aus PE;Kanister 5L 10-48-2 01;2000000524;2000000524
781;Sonstige Geräte;Kanister aus PE;Kanister 5L 10-23-2 01;2000000523;2000000523
782;Sonstige Geräte;Kanister aus PE;Kombi-Kanister 10-48-2 01;2000000526;2000000526
783;Sonstige Geräte;Kanister aus PE;Kombi-Kanister 10-48-2 02;2000000527;2000000527
784;Sonstige Geräte;Kanister aus PE;Kombi-Kanister 10-64-2 01;2000000528;2000000528
785;Sonstige Geräte;Kanister aus PE;Kombi-Kanister 10-23-2 01;2000000525;2000000525
786;Sonstige Geräte;Kanister aus Stahl;Krafstoffkanister 10-78-2 01;;2000000675
787;Sonstige Geräte;Kanister aus Stahl;Kanister 20L 01;;2000000082
788;Sonstige Geräte;Sonstige (Sonstige Geräte);Rollcontainer 03 10-64-2;;2000000260
789;Sonstige Geräte;Sonstige (Sonstige Geräte);Rollcontainer 02 10-64-2;;2000000261
790;Sonstige Geräte;Sonstige (Sonstige Geräte);Einsatzschlinge schmal 59;rt-2024-946;rt-2024-946
791;Sonstige Geräte;Sonstige (Sonstige Geräte);Absaugvorrichtung 01;;2000000083
792;Sonstige Geräte;Sonstige (Sonstige Geräte);Holzkeil 3D 10;;
793;Sonstige Geräte;Sonstige (Sonstige Geräte);Holzkeil 3D 11;;
794;Sonstige Geräte;Sonstige (Sonstige Geräte);Holzkeil 3D 12;;
795;Sonstige Geräte;Sonstige (Sonstige Geräte);Holzkeil 2D 01;;
796;Sonstige Geräte;Sonstige (Sonstige Geräte);Holzkeil 2D 02;;
797;Sonstige Geräte;Sonstige (Sonstige Geräte);Holzkeil 2D 03;;
798;Sonstige Geräte;Sonstige (Sonstige Geräte);Holzkeil 2D 04;;
799;Sonstige Geräte;Sonstige (Sonstige Geräte);Holzkeil 2D 05;;
800;Sonstige Geräte;Sonstige (Sonstige Geräte);Holzkeil 2D 06;;
801;Sonstige Geräte;Sonstige (Sonstige Geräte);Holzkeil 2D 07;;
802;Sonstige Geräte;Sonstige (Sonstige Geräte);Holzkeil 2D 08;;
803;Sonstige Geräte;Sonstige (Sonstige Geräte);Holzkeil 2D 09;;
804;Sonstige Geräte;Sonstige (Sonstige Geräte);Holzkeil 2D 10;;
805;Sonstige Geräte;Sonstige (Sonstige Geräte);Einsatzschlinge breit 08;2000000758;2000000758
806;Sonstige Geräte;Sonstige (Sonstige Geräte);Einsatzschlinge breit 03;2000000753;2000000753
807;Sonstige Geräte;Sonstige (Sonstige Geräte);Einsatzschlinge breit 07;2000000757;2000000757
808;Sonstige Geräte;Sonstige (Sonstige Geräte);Einsatzschlinge breit 09;2000000759;2000000759
809;Sonstige Geräte;Sonstige (Sonstige Geräte);Einsatzschlinge breit 02;2000000752;2000000752
810;Sonstige Geräte;Sonstige (Sonstige Geräte);Einsatzschlinge schmal 06;rt-2024-703;rt-2024-703
811;Sonstige Geräte;Sonstige (Sonstige Geräte);Einsatzschlinge schmal 35;rt-2024-206;rt-2024-206
812;Sonstige Geräte;Sonstige (Sonstige Geräte);Einsatzschlinge schmal 07;rt-2024-181;rt-2024-181
813;Sonstige Geräte;Sonstige (Sonstige Geräte);Einsatzschlinge schmal 08;rt-2024-215;rt-2024-215
814;Sonstige Geräte;Sonstige (Sonstige Geräte);Einsatzschlinge schmal 09;rt-2024-247;rt-2024-247
815;Sonstige Geräte;Sonstige (Sonstige Geräte);Einsatzschlinge schmal 10;rt-2024-661;rt-2024-661
816;Sonstige Geräte;Sonstige (Sonstige Geräte);Einsatzschlinge schmal 11;rt-2024-669;rt-2024-669
817;Sonstige Geräte;Sonstige (Sonstige Geräte);Einsatzschlinge schmal 15;rt-2024-932;rt-2024-932
818;Sonstige Geräte;Sonstige (Sonstige Geräte);Einsatzschlinge schmal 17;rt-2024-686;rt-2024-686
819;Sonstige Geräte;Sonstige (Sonstige Geräte);Einsatzschlinge schmal 20;rt-2024-708;rt-2024-708
820;Sonstige Geräte;Sonstige (Sonstige Geräte);Einsatzschlinge schmal 23;rt-2024-150;rt-2024-150
821;Sonstige Geräte;Sonstige (Sonstige Geräte);Einsatzschlinge schmal 24;rt-2024-45;rt-2024-45
822;Sonstige Geräte;Sonstige (Sonstige Geräte);Einsatzschlinge schmal 33;rt-2024-177;rt-2024-177
823;Sonstige Geräte;Sonstige (Sonstige Geräte);Einsatzschlinge schmal 37;rt-2024-929;rt-2024-929
824;Sonstige Geräte;Sonstige (Sonstige Geräte);Einsatzschlinge schmal 38;rt-2024-145;rt-2024-145
825;Sonstige Geräte;Sonstige (Sonstige Geräte);Einsatzschlinge schmal 39;rt-2024-707;rt-2024-707
826;Sonstige Geräte;Sonstige (Sonstige Geräte);Einsatzschlinge schmal 42;rt-2024-676;rt-2024-676
827;Sonstige Geräte;Sonstige (Sonstige Geräte);Einsatzschlinge schmal 43;rt-2024-152;rt-2024-152
828;Sonstige Geräte;Sonstige (Sonstige Geräte);Einsatzschlinge schmal 44;rt-2024-692;rt-2024-692
829;Sonstige Geräte;Sonstige (Sonstige Geräte);Einsatzschlinge schmal 45;rt-2024-180;rt-2024-180
830;Sonstige Geräte;Sonstige (Sonstige Geräte);Einsatzschlinge schmal 46;rt-2023-0730;rt-2023-0730
831;Sonstige Geräte;Sonstige (Sonstige Geräte);Einsatzschlinge schmal 47;rt-2024-137;rt-2024-137
832;Sonstige Geräte;Sonstige (Sonstige Geräte);Einsatzschlinge schmal 50;rt-2024-916;rt-2024-916
833;Sonstige Geräte;Sonstige (Sonstige Geräte);Einsatzschlinge schmal 53;rt-2024-179;rt-2024-179
834;Sonstige Geräte;Sonstige (Sonstige Geräte);Einsatzschlinge schmal 54;rt-2024-35;rt-2024-35
835;Sonstige Geräte;Sonstige (Sonstige Geräte);Einsatzschlinge schmal 55;rt-2024-698;rt-2024-698
836;Sonstige Geräte;Sonstige (Sonstige Geräte);Einsatzschlinge schmal 57;rt-2024-211;rt-2024-211
837;Sonstige Geräte;Sonstige (Sonstige Geräte);Einsatzschlinge schmal 61;rt-2024-724;rt-2024-724
838;Sonstige Geräte;Sonstige (Sonstige Geräte);Einsatzschlinge schmal 13;rt-2024-694;rt-2024-694
839;Sonstige Geräte;Sonstige (Sonstige Geräte);Einsatzschlinge schmal 41;rt-2024-918;rt-2024-918
840;Sonstige Geräte;Sonstige (Sonstige Geräte);Einsatzschlinge schmal 49;rt-2024-212;rt-2024-212
841;Sonstige Geräte;Sonstige (Sonstige Geräte);Einsatzschlinge schmal 51;rt-2024-673;rt-2024-673
842;Sonstige Geräte;Sonstige (Sonstige Geräte);Einsatzschlinge schmal 62;rt-2024-919;rt-2024-919
843;Sonstige Geräte;Sonstige (Sonstige Geräte);Einsatzschlinge schmal 63;rt-2024-182;rt-2024-182
844;Sonstige Geräte;Sonstige (Sonstige Geräte);Einsatzschlinge schmal 64;rt-2024-922;rt-2024-922
845;Sonstige Geräte;Sonstige (Sonstige Geräte);Einsatzschlinge schmal 65;rt-2024-196;rt-2024-196
846;Sonstige Geräte;Sonstige (Sonstige Geräte);Einsatzschlinge schmal 05;rt-2024-746;rt-2024-746
847;Sonstige Geräte;Sonstige (Sonstige Geräte);Einsatzschlinge schmal 12;rt-2024-349;rt-2024-349
848;Sonstige Geräte;Sonstige (Sonstige Geräte);Einsatzschlinge schmal 14;rt-2024-716;rt-2024-716
849;Sonstige Geräte;Sonstige (Sonstige Geräte);Einsatzschlinge schmal 18;rt-2024-947;rt-2024-947
850;Sonstige Geräte;Sonstige (Sonstige Geräte);Einsatzschlinge schmal 16;rt-2024-914;rt-2024-914
851;Sonstige Geräte;Sonstige (Sonstige Geräte);Einsatzschlinge schmal 19;rt-2024-718;rt-2024-718
852;Sonstige Geräte;Sonstige (Sonstige Geräte);Einsatzschlinge schmal 21;rt-2024-139;rt-2024-139
853;Sonstige Geräte;Sonstige (Sonstige Geräte);Einsatzschlinge schmal 22;rt-2024-207;rt-2024-207
854;Sonstige Geräte;Sonstige (Sonstige Geräte);Einsatzschlinge schmal 25;rt-2024-720;rt-2024-720
855;Sonstige Geräte;Sonstige (Sonstige Geräte);Einsatzschlinge schmal 52;rt-2024-33;rt-2024-33
856;Sonstige Geräte;Sonstige (Sonstige Geräte);Einsatzschlinge schmal 56;rt-2024-154;rt-2024-154
857;Sonstige Geräte;Sonstige (Sonstige Geräte);Einsatzschlinge schmal 26;rt-2024-700;rt-2024-700
858;Sonstige Geräte;Sonstige (Sonstige Geräte);Schuttmulde 02 10-23-2;;2000000320
859;Sonstige Geräte;Sonstige (Sonstige Geräte);Schuttmulde 01 10-23-2;;2000000321
860;Sonstige Geräte;Sonstige (Sonstige Geräte);Einsatzschlinge schmal 27;rt-2024-2;rt-2024-2
861;Sonstige Geräte;Sonstige (Sonstige Geräte);Einsatzschlinge schmal 31;rt-2024-677;rt-2024-677
862;Sonstige Geräte;Sonstige (Sonstige Geräte);Einsatzschlinge schmal 28;rt-2024-691;rt-2024-691
863;Sonstige Geräte;Sonstige (Sonstige Geräte);Einsatzschlinge schmal 34;rt-2024-948;rt-2024-948
864;Sonstige Geräte;Sonstige (Sonstige Geräte);Einsatzschlinge schmal 29;rt-2024-672;rt-2024-672
865;Sonstige Geräte;Sonstige (Sonstige Geräte);Einsatzschlinge schmal 40;rt-2024-326;rt-2024-326
866;Sonstige Geräte;Sonstige (Sonstige Geräte);Einsatzschlinge schmal 48;rt-2024-670;rt-2024-670
867;Sonstige Geräte;Sonstige (Sonstige Geräte);Einsatzschlinge schmal 58;rt-2024-232;rt-2024-232
868;Sonstige Geräte;Sonstige (Sonstige Geräte);Einsatzschlinge schmal 60;rt-2024-364;rt-2024-364
869;Sonstige Geräte;Sonstige (Sonstige Geräte);Druckluftfanfahre 01;;
870;Sonstige Geräte;Sonstige (Sonstige Geräte);Brandfluchthaubenholster 02;2000000770;2000000770
871;Sonstige Geräte;Sonstige (Sonstige Geräte);Brandfluchthaubenholster 01;2000000769;2000000769
872;Sonstige Geräte;Sonstige (Sonstige Geräte);Brandfluchthaubenholster 08;2000000776;2000000776
873;Sonstige Geräte;Sonstige (Sonstige Geräte);Brandfluchthaubenholster 03;2000000771;2000000771
874;Sonstige Geräte;Sonstige (Sonstige Geräte);Brandfluchthaubenholster 04;2000000772;2000000772
875;Sonstige Geräte;Sonstige (Sonstige Geräte);Brandfluchthaubenholster 05;2000000773;2000000773
876;Sonstige Geräte;Sonstige (Sonstige Geräte);Brandfluchthaubenholster 06;2000000774;2000000774
877;Sonstige Geräte;Sonstige (Sonstige Geräte);Brandfluchthaubenholster 07;2000000775;2000000775
878;Sonstige Geräte;Sonstige (Sonstige Geräte);Funkgeräte-Holster 04;2000000822;2000000822
879;Sonstige Geräte;Sonstige (Sonstige Geräte);Funkgeräte-Holster 03;2000000821;2000000821
880;Sonstige Geräte;Sonstige (Sonstige Geräte);Funkgeräte-Holster 01;2000000819;2000000819
881;Sonstige Geräte;Sonstige (Sonstige Geräte);Funkgeräte-Holster 02;2000000820;2000000820
882;Sonstige Geräte;Sonstige (Sonstige Geräte);Brandfluchthaubenholster 11;2000000779;2000000779
883;Sonstige Geräte;Sonstige (Sonstige Geräte);Brandfluchthaubenholster 10;2000000778;2000000778
884;Sonstige Geräte;Sonstige (Sonstige Geräte);Brandfluchthaubenholster 12;2000000780;2000000780
885;Sonstige Geräte;Sonstige (Sonstige Geräte);Brandfluchthaubenholster 09;2000000777;2000000777
886;Sonstige Geräte;Sonstige (Sonstige Geräte);Schuttmulde 03 10-48-2;;2000000385
887;Sonstige Geräte;Sonstige (Sonstige Geräte);Schutzschuhe 05;;2000000194
888;Sonstige Geräte;Sonstige (Sonstige Geräte);Schutzschuhe 04;;2000000196
889;Sonstige Geräte;Sonstige (Sonstige Geräte);Schlauchpaketholster 01;2000000842;2000000842
890;Sonstige Geräte;Sonstige (Sonstige Geräte);Schlauchpaketholster 03;2000000844;2000000844
891;Sonstige Geräte;Sonstige (Sonstige Geräte);Rollcontainer 01 10-64-2;;2000000259
892;Sonstige Geräte;Sonstige (Sonstige Geräte);Schlauchpaketholster 02;2000000843;2000000843
893;Sonstige Geräte;Sonstige (Sonstige Geräte);Holzkeil 3D 20;;
894;Sonstige Geräte;Sonstige (Sonstige Geräte);Rollcontainer 02;;2000000476
895;Sonstige Geräte;Sonstige (Sonstige Geräte);Rollcontainer 01;;2000000475
896;Sonstige Geräte;Sonstige (Sonstige Geräte);Fernglas 10-11-2 01;;2000000282
897;Sonstige Geräte;Sonstige (Sonstige Geräte);Holzkeil 3D 19;;
898;Sonstige Geräte;Sonstige (Sonstige Geräte);Schlauchpaketholster 04;2000000845;2000000845
899;Sonstige Geräte;Sonstige (Sonstige Geräte);Hitzeschutzbekleidung 01 10-23-2;;2000000324
900;Sonstige Geräte;Sonstige (Sonstige Geräte);Hitzeschutzbekleidung 03 10-23-2;;2000000322
901;Sonstige Geräte;Sonstige (Sonstige Geräte);Hitzeschutzbekleidung 02 10-23-2;;2000000323
902;Sonstige Geräte;Sonstige (Sonstige Geräte);Einwegoverall 04;;
903;Sonstige Geräte;Sonstige (Sonstige Geräte);Einwegoverall 03;;
904;Sonstige Geräte;Sonstige (Sonstige Geräte);Brandfluchthaubenholster 15;2000000817;2000000817
905;Sonstige Geräte;Sonstige (Sonstige Geräte);Einwegoverall 02;;
906;Sonstige Geräte;Sonstige (Sonstige Geräte);Einwegoverall 01;;
907;Sonstige Geräte;Sonstige (Sonstige Geräte);Holzkeil 3D 18;;
908;Sonstige Geräte;Sonstige (Sonstige Geräte);Holzkeil 3D 17;;
909;Sonstige Geräte;Sonstige (Sonstige Geräte);Holzkeil 3D 16;;
910;Sonstige Geräte;Sonstige (Sonstige Geräte);Holzkeil 3D 15;;
911;Sonstige Geräte;Sonstige (Sonstige Geräte);Holzkeil 3D 14;;
912;Sonstige Geräte;Sonstige (Sonstige Geräte);Holzkeil 3D 13;;
913;Sonstige Geräte;Sonstige (Sonstige Geräte);Eispicker 01;2000000879;2000000879
914;Sonstige Geräte;Sonstige (Sonstige Geräte);Schutzschuhe 03;;2000000195
915;Sonstige Geräte;Sonstige (Sonstige Geräte);Schutzschuhe 02 10-48-2;;2000000382
916;Sonstige Geräte;Sonstige (Sonstige Geräte);Schutzschuhe 01 10-48-2;;2000000381
917;Sonstige Geräte;Sonstige (Sonstige Geräte);Eispicker 02;2000000879;2000000880
918;Sonstige Geräte;Sonstige (Sonstige Geräte);Druckluftfanfahre 03;;
919;Sonstige Geräte;Sonstige (Sonstige Geräte);Brandfluchthaubenholster 14;2000000816;2000000816
920;Sonstige Geräte;Sonstige (Sonstige Geräte);Druckluftfanfahre 02;;
921;Sonstige Geräte;Sonstige (Sonstige Geräte);Brandfluchthaubenholster 13;2000000814;2000000814
922;Sonstige Geräte;Sonstige (Sonstige Geräte);Organizer 05;2000000798;2000000798
923;Sonstige Geräte;Sonstige (Sonstige Geräte);Organizer 01;2000000794;2000000794
924;Sonstige Geräte;Sonstige (Sonstige Geräte);Organizer 02;2000000795;2000000795
925;Sonstige Geräte;Sonstige (Sonstige Geräte);Funkgeräte-Holster  05;2000000662;2000000662
926;Sonstige Geräte;Sonstige (Sonstige Geräte);Einsatzschlinge breit 10;2000000760;2000000760
927;Sonstige Geräte;Sonstige (Sonstige Geräte);Einsatzschlinge schmal 04;rt-2024-934;rt-2024-934
928;Sonstige Geräte;Sonstige (Sonstige Geräte);Einsatzschlinge schmal 30;rt-2024-141;rt-2024-141
929;Sonstige Geräte;Sonstige (Sonstige Geräte);Einsatzschlinge schmal 32;rt-2024-146;rt-2024-146
930;Sonstige Geräte;Sonstige (Sonstige Geräte);Einsatzschlinge schmal 36;rt-2024-819;rt-2024-819
931;Sonstige Geräte;Sonstige (Sonstige Geräte);Schlauchaufroller 01;;2000000061
932;Sonstige Geräte;Sonstige (Sonstige Geräte);Organizer 06;2000000799;2000000799
933;Sonstige Geräte;Sonstige (Sonstige Geräte);Organizer 04;2000000797;2000000797
934;Sonstige Geräte;Sonstige (Sonstige Geräte);Organizer 03;2000000796;2000000796
935;Sonstige Geräte;Sonstige (Sonstige Geräte);Schutzdeckenset 01;;2000000016
936;Sonstige Geräte;Sonstige (Sonstige Geräte);Einsatzschlinge schmal 01;rt-2024-671;rt-2024-671
937;Sonstige Geräte;Sonstige (Sonstige Geräte);Einsatzschlinge breit 01;2000000751;2000000751
938;Sonstige Geräte;Sonstige (Sonstige Geräte);Einsatzschlinge schmal 02;rt-2024-233;rt-2024-233
939;Sonstige Geräte;Sonstige (Sonstige Geräte);Einsatzschlinge breit 04;2000000754;2000000754
940;Sonstige Geräte;Sonstige (Sonstige Geräte);Einsatzschlinge breit 05;2000000755;2000000755
941;Sonstige Geräte;Sonstige (Sonstige Geräte);Einsatzschlinge breit 06;2000000756;2000000756
942;Sonstige Geräte;Sonstige (Sonstige Geräte);Hitzeschutzbekleidung 02 10-48-2;;2000000020
943;Sonstige Geräte;Sonstige (Sonstige Geräte);Holzkeil 3D 02;;
944;Sonstige Geräte;Sonstige (Sonstige Geräte);Holzkeil 3D 03;;
945;Sonstige Geräte;Sonstige (Sonstige Geräte);Holzkeil 3D 04;;
946;Sonstige Geräte;Sonstige (Sonstige Geräte);Holzkeil 3D 05;;
947;Sonstige Geräte;Sonstige (Sonstige Geräte);Holzkeil 3D 06;;
948;Sonstige Geräte;Sonstige (Sonstige Geräte);Geräteplane 02;;2000000017
949;Sonstige Geräte;Sonstige (Sonstige Geräte);Geräteplane 01;;2000000018
950;Sonstige Geräte;Sonstige (Sonstige Geräte);Schuttmulde 02 10-48-2;;2000000384
951;Sonstige Geräte;Sonstige (Sonstige Geräte);Schuttmulde 01 10-48-2;;2000000383
952;Sonstige Geräte;Sonstige (Sonstige Geräte);Einsatzschlinge schmal 03;rt-2024-184;rt-2024-184
953;Sonstige Geräte;Sonstige (Sonstige Geräte);Holzkeil 3D 01;;
954;Sonstige Geräte;Sonstige (Sonstige Geräte);Holzkeil 3D 07;;
955;Sonstige Geräte;Sonstige (Sonstige Geräte);Holzkeil 3D 08;;
956;Sonstige Geräte;Sonstige (Sonstige Geräte);Holzkeil 3D 09;;
957;Technische Hilfeleistung;Abstützsystem;StabPack 03;;2000000023
958;Technische Hilfeleistung;Abstützsystem;StabPack 01;;2000000021
959;Technische Hilfeleistung;Abstützsystem;Stab-Fast 01;;2000000033
960;Technische Hilfeleistung;Abstützsystem;StabPack 04;;2000000024
961;Technische Hilfeleistung;Abstützsystem;StabPack 02;;2000000022
962;Technische Hilfeleistung;Lüfter;Akkulüfter 02;;2000000167
963;Technische Hilfeleistung;Lüfter;Motorlüfter 01 10-23-2;;2000000119
964;Technische Hilfeleistung;Lüfter;Motorlüfter 02;2000000035;2000000035
965;Technische Hilfeleistung;Lüfter;Akkulüfter 01;;2000000165
966;Technische Hilfeleistung;Lüfter;Wasserlüfter 01;;45003050
967;Technische Hilfeleistung;Nass- und Trockensauger;Wassersauger 10-64-2 01;2000000590;2000000590
968;Technische Hilfeleistung;Stromerzeuger;Stromerzeuger BSKA3 10-11-2;41222581;2000000283
969;Technische Hilfeleistung;Stromerzeuger;Stromerzeuger BSKA5;41222521;2000000199
970;Technische Hilfeleistung;Stromerzeuger;Stromerzeuger BSKA 9EV 10-48-2;;2000000062
971;Technische Hilfeleistung;Stromerzeuger;Stromerzeuger Endress 10-23-2;2000000154;2000000154
972;Technische Hilfeleistung;Türöffnung;Türfallengleiter Set 10-48-2 01;2000000674;2000000674
973;Technische Hilfeleistung;Türöffnung;Paniktüröffner-Set 10-48-2 01;2000000673;2000000673
974;Technische Hilfeleistung;Türöffnung;Türöffnungsrucksack 10-48-2 01;2000000593;2000000593
975;Tierrettung;Kescher, Fanggeräte, Wurfnetze;Fangzange 01;2000000802;2000000802
976;Tierrettung;Kescher, Fanggeräte, Wurfnetze;Hundefangstab 01;2000000801;2000000801
977;Tierrettung;Kescher, Fanggeräte, Wurfnetze;Teleskop-Kesscher 01;2000000800;2000000800
978;Tragkraftspritzen / Pumpen;Tauchpumpe;Tauchpumpe 03 10-48-2;;2000000664
979;Tragkraftspritzen / Pumpen;Tauchpumpe;Tauchpumpe 01 10-64-2;;2000000639
980;Tragkraftspritzen / Pumpen;Tauchpumpe;Tauchpumpe 02 10-64-2;;2000000646
981;Tragkraftspritzen / Pumpen;Tauchpumpe;Tauchpumpe 04 10-23-2;2000000626;2000000626
982;Tragkraftspritzen / Pumpen;Tragkraftspritze (PFPN);FP 8/8 Zug 2;2000000588;2000000588
983;Wärmebildkameras;Akkus;Akku f. Wärmebildkamera 10-23-2 01;;ECB52067
984;Wärmebildkameras;Akkus;Akku f. Wärmebildkamera 10-48-2 05;;T3B53563
985;Wärmebildkameras;Akkus;Akku f. Wärmebildkamera 10-48-2 06;;T3B53560
986;Wärmebildkameras;Akkus;Akku f. Wärmebildkamera 10-48-2 01;;T3B41925
987;Wärmebildkameras;Akkus;Akku f. Wärmebildkamera 10-23-2 02;;ECB52066
988;Wärmebildkameras;Akkus;Akku f. Wärmebildkamera 10-48-2 04;;T3B47761
989;Wärmebildkameras;Bullard;Wärmebildkamera 10-23-2 01;;D07194
990;Wärmebildkameras;Bullard;Wärmebildkamera 10-48-2 01;;DT02494
991;Wärmebildkameras;Ladegeräte;Ladegerät für Wärmebildkamera 01;;2000000110
992;Wärmebildkameras;Ladegeräte;Ladegerät für Wärmebildkamera 02;;2000000175
993;Wärmebildkameras;Sonstiges / Zubehör (Wärmebildkameras);Empfangseinheit WBK;;2000000116
994;Wasserrettung;Rettungsanzüge;Rettungsanzug 02;2000000876;2000000876
995;Wasserrettung;Rettungsanzüge;Rettungsanzug 01;2000000875;2000000875
996;Wasserrettung;Rettungsboote;Rettungsboot 02;;2000000396
997;Wasserrettung;Rettungswesten;Rettungsweste 01;2000000529;2000000529
998;Wasserrettung;Rettungswesten;Rettungsweste 04;2000000532;2000000532
999;Wasserrettung;Rettungswesten;Rettungsweste 06;;2000000583
1000;Wasserrettung;Rettungswesten;Rettungsweste 05;;2000000582
1001;Wasserrettung;Rettungswesten;Rettungsweste 07;;2000000584
1002;Wasserrettung;Rettungswesten;Rettungsweste 08;;2000000585
1003;Wasserrettung;Rettungswesten;Rettungsweste 03;2000000531;2000000531
1004;Wasserrettung;Rettungswesten;Rettungsweste 02;2000000530;2000000530
1005;Wasserrettung;Rettungswesten;Rettungsweste 09;2000000877;2000000877
1006;Wasserrettung;Rettungswesten;Rettungsweste 10;2000000878;2000000878
1007;Wasserrettung;Zubehör für Rettungsboot;Propellerschutz 01;;2000000591
1008;Werkzeuge und Arbeitsgeräte;Airbagsicherung;Airbagsicherungs-System 03;2000000792;2000000792
1009;Werkzeuge und Arbeitsgeräte;Airbagsicherung;Airbagsicherung 01;2000000007;2000000007
1010;Werkzeuge und Arbeitsgeräte;Airbagsicherung;Airbagsicherungs-System 02;2000000791;2000000791
1011;Werkzeuge und Arbeitsgeräte;Äxte, Beile;Spaltaxt 01;;2000000077
1012;Werkzeuge und Arbeitsgeräte;Äxte, Beile;Feuerwehraxt 01 10-64-2;;2000000425
1013;Werkzeuge und Arbeitsgeräte;Äxte, Beile;TNT-Tool 02;2000000129;2000000129
1014;Werkzeuge und Arbeitsgeräte;Äxte, Beile;TNT-Tool 01;;2000000079
1015;Werkzeuge und Arbeitsgeräte;Äxte, Beile;Feuerwehraxt 02;;2000000078
1016;Werkzeuge und Arbeitsgeräte;Äxte, Beile;Feuerwehraxt 01 10-23-2;2000000330;2000000330
1017;Werkzeuge und Arbeitsgeräte;Besen, Wasserschieber;Besen 02;;
1018;Werkzeuge und Arbeitsgeräte;Besen, Wasserschieber;Besen 06;;
1019;Werkzeuge und Arbeitsgeräte;Besen, Wasserschieber;Besen 07;;
1020;Werkzeuge und Arbeitsgeräte;Besen, Wasserschieber;Besen 08;;
1021;Werkzeuge und Arbeitsgeräte;Besen, Wasserschieber;Besen 04;;
1022;Werkzeuge und Arbeitsgeräte;Besen, Wasserschieber;Besen 03;;
1023;Werkzeuge und Arbeitsgeräte;Besen, Wasserschieber;Besen 05;;
1024;Werkzeuge und Arbeitsgeräte;Besen, Wasserschieber;Besen 01;;
1025;Werkzeuge und Arbeitsgeräte;Besen, Wasserschieber;Wasserschieber 05;;
1026;Werkzeuge und Arbeitsgeräte;Besen, Wasserschieber;Wasserschieber 04;;
1027;Werkzeuge und Arbeitsgeräte;Besen, Wasserschieber;Wasserschieber 03;;
1028;Werkzeuge und Arbeitsgeräte;Besen, Wasserschieber;Wasserschieber 02;;
1029;Werkzeuge und Arbeitsgeräte;Besen, Wasserschieber;Wasserschieber 01;;
1030;Werkzeuge und Arbeitsgeräte;Bolzenschneider;Bolzenschneider 01 10-23-2;;2000000329
1031;Werkzeuge und Arbeitsgeräte;Bolzenschneider;Bolzenschneider 02 10-23-2;;2000000331
1032;Werkzeuge und Arbeitsgeräte;Bolzenschneider;Bolzenschneider 04;;2000000191
1033;Werkzeuge und Arbeitsgeräte;Bolzenschneider;Bolzenschneider 01 10-48-2;;2000000386
1034;Werkzeuge und Arbeitsgeräte;Brechwerkzeuge;Nageleisen 01 10-48-2;2000000790;2000000790
1035;Werkzeuge und Arbeitsgeräte;Brechwerkzeuge;Nageleisen 01 10-64-2;;2000000424
1036;Werkzeuge und Arbeitsgeräte;Brechwerkzeuge;Nageleisen 02;;2000000481
1037;Werkzeuge und Arbeitsgeräte;Brechwerkzeuge;Brechstange 02 10-48-2;;2000000389
1038;Werkzeuge und Arbeitsgeräte;Brechwerkzeuge;Brechstange 03;;2000000192
1039;Werkzeuge und Arbeitsgeräte;Brechwerkzeuge;Brechstange 01 10-48-2;;2000000388
1040;Werkzeuge und Arbeitsgeräte;Brechwerkzeuge;Brechstange 01 10-23-2;;2000000332
1041;Werkzeuge und Arbeitsgeräte;Drahtscheren, Blechaufreißer;Blechaufreißer 01;;2000000015
1042;Werkzeuge und Arbeitsgeräte;Einreißhaken;Einreißhaken 03 10-48-2;;2000000349
1043;Werkzeuge und Arbeitsgeräte;Einreißhaken;Einreißhaken 01 10-23-2;;2000000337
1044;Werkzeuge und Arbeitsgeräte;Einreißhaken;Einreißhaken 02 10-48-2;;2000000347
1045;Werkzeuge und Arbeitsgeräte;Feuerpatschen (Waldbrandpatschen);Feuerpatsche 03 10-48-2;;2000000346
1046;Werkzeuge und Arbeitsgeräte;Feuerpatschen (Waldbrandpatschen);Feuerpatsche 02 10-48-2;;2000000345
1047;Werkzeuge und Arbeitsgeräte;Feuerpatschen (Waldbrandpatschen);Feuerpatsche 01 10-23-2;;2000000341
1048;Werkzeuge und Arbeitsgeräte;Feuerpatschen (Waldbrandpatschen);Feuerpatsche 04;;2000000480
1049;Werkzeuge und Arbeitsgeräte;Halligan-Tools, Hooligan-Tools;Halligen-Tool 01 10-23-2;2000000130;2000000130
1050;Werkzeuge und Arbeitsgeräte;Halligan-Tools, Hooligan-Tools;Halligen-Tool 03 10-64-2;;2000000488
1051;Werkzeuge und Arbeitsgeräte;Halligan-Tools, Hooligan-Tools;Halligen-Tool 01;;2000000390
1052;Werkzeuge und Arbeitsgeräte;Halligan-Tools, Hooligan-Tools;Tragesystem 01;2000000815;2000000815
1053;Werkzeuge und Arbeitsgeräte;Halligan-Tools, Hooligan-Tools;Halligen-Tool 02 10-48-2;;2000000080
1054;Werkzeuge und Arbeitsgeräte;Hämmer, Meißel;Vorschlaghammer 01;;2000000193
1055;Werkzeuge und Arbeitsgeräte;Hämmer, Meißel;Spalthammer 01;;2000000478
1056;Werkzeuge und Arbeitsgeräte;Hämmer, Meißel;Spalthammer 02;;2000000479
1057;Werkzeuge und Arbeitsgeräte;Hilfsmittel, Hilfsmaterial, Klebeband etc.;Packexe Smash Kit 10-48-02 01;2000000534;2000000534
1058;Werkzeuge und Arbeitsgeräte;Hilfsmittel, Hilfsmaterial, Klebeband etc.;Packexe Smash Kit 01;;
1059;Werkzeuge und Arbeitsgeräte;Messer;Rettungsmesser 22;M22;M22
1060;Werkzeuge und Arbeitsgeräte;Messer;Rettungsmesser 69;M69;M69
1061;Werkzeuge und Arbeitsgeräte;Messer;Rettungsmesser 72;M72;M72
1062;Werkzeuge und Arbeitsgeräte;Messer;Rettungsmesser 18;M18;M18
1063;Werkzeuge und Arbeitsgeräte;Messer;Rettungsmesser 20;M20;M20
1064;Werkzeuge und Arbeitsgeräte;Messer;Rettungsmesser 09;M09;M09
1065;Werkzeuge und Arbeitsgeräte;Messer;Rettungsmesser 10;M10;M10
1066;Werkzeuge und Arbeitsgeräte;Messer;Rettungsmesser 70;M70;M70
1067;Werkzeuge und Arbeitsgeräte;Messer;Rettungsmesser 07;M07;M07
1068;Werkzeuge und Arbeitsgeräte;Messer;Rettungsmesser 68;M68;M68
1069;Werkzeuge und Arbeitsgeräte;Messer;Rettungsmesser 49;M49;M49
1070;Werkzeuge und Arbeitsgeräte;Messer;Rettungsmesser 11;M11;M11
1071;Werkzeuge und Arbeitsgeräte;Messer;Rettungsmesser 46;M46;M46
1072;Werkzeuge und Arbeitsgeräte;Messer;Rettungsmesser 17;M17;M17
1073;Werkzeuge und Arbeitsgeräte;Messer;Rettungsmesser 42;M42;M42
1074;Werkzeuge und Arbeitsgeräte;Messer;Rettungsmesser 60;M60;M60
1075;Werkzeuge und Arbeitsgeräte;Messer;Rettungsmesser 39;M39;M39
1076;Werkzeuge und Arbeitsgeräte;Messer;Rettungsmesser 67;M67;M67
1077;Werkzeuge und Arbeitsgeräte;Messer;Rettungsmesser 54;M54;M54
1078;Werkzeuge und Arbeitsgeräte;Messer;Rettungsmesser 35;M35;M35
1079;Werkzeuge und Arbeitsgeräte;Messer;Rettungsmesser 33;M33;M33
1080;Werkzeuge und Arbeitsgeräte;Messer;Rettungsmesser 32;M32;M32
1081;Werkzeuge und Arbeitsgeräte;Messer;Rettungsmesser 30;M30;M30
1082;Werkzeuge und Arbeitsgeräte;Messer;Rettungsmesser 29;M29;M29
1083;Werkzeuge und Arbeitsgeräte;Messer;Rettungsmesser 28;M28;M28
1084;Werkzeuge und Arbeitsgeräte;Messer;Rettungsmesser 27;M27;M27
1085;Werkzeuge und Arbeitsgeräte;Messer;Rettungsmesser 15;M15;M15
1086;Werkzeuge und Arbeitsgeräte;Messer;Rettungsmesser 13;M01;
1087;Werkzeuge und Arbeitsgeräte;Messer;Rettungsmesser 71;M71;M71
1088;Werkzeuge und Arbeitsgeräte;Messer;Rettungsmesser 01;M01;M01
1089;Werkzeuge und Arbeitsgeräte;Messer;Rettungsmesser 06;M06;M06
1090;Werkzeuge und Arbeitsgeräte;Messer;Rettungsmesser 02;M02;M02
1091;Werkzeuge und Arbeitsgeräte;Messer;Rettungsmesser 66;M66;M66
1092;Werkzeuge und Arbeitsgeräte;Messer;Rettungsmesser 53;M53;M53
1093;Werkzeuge und Arbeitsgeräte;Messer;Rettungsmesser 12;M12;M12
1094;Werkzeuge und Arbeitsgeräte;Messer;Rettungsmesser 40;M40;M40
1095;Werkzeuge und Arbeitsgeräte;Messer;Rettungsmesser 14;M14;M14
1096;Werkzeuge und Arbeitsgeräte;Messer;Rettungsmesser 65;M65;M65
1097;Werkzeuge und Arbeitsgeräte;Messer;Rettungsmesser 62;M62;M62
1098;Werkzeuge und Arbeitsgeräte;Messer;Rettungsmesser 19;M19;M19
1099;Werkzeuge und Arbeitsgeräte;Messer;Rettungsmesser 59;M59;M59
1100;Werkzeuge und Arbeitsgeräte;Messer;Rettungsmesser 61;M61;M61
1101;Werkzeuge und Arbeitsgeräte;Messer;Rettungsmesser 58;M58;M58
1102;Werkzeuge und Arbeitsgeräte;Messer;Rettungsmesser 57;M57;M57
1103;Werkzeuge und Arbeitsgeräte;Messer;Rettungsmesser 37;M37;M37
1104;Werkzeuge und Arbeitsgeräte;Messer;Rettungsmesser 36;M36;M36
1105;Werkzeuge und Arbeitsgeräte;Messer;Rettungsmesser 38;M38;M38
1106;Werkzeuge und Arbeitsgeräte;Messer;Rettungsmesser 73;M73;M73
1107;Werkzeuge und Arbeitsgeräte;Messer;Rettungsmesser 63;M63;M63
1108;Werkzeuge und Arbeitsgeräte;Messer;Rettungsmesser 08;M08;M08
1109;Werkzeuge und Arbeitsgeräte;Messer;Rettungsmesser 16;M16;M16
1110;Werkzeuge und Arbeitsgeräte;Messer;Rettungsmesser 05;M05;M05
1111;Werkzeuge und Arbeitsgeräte;Messer;Rettungsmesser 03;M03;M03
1112;Werkzeuge und Arbeitsgeräte;Messer;Rettungsmesser 74;M74;M74
1113;Werkzeuge und Arbeitsgeräte;Messer;Rettungsmesser 75;M75;M75
1114;Werkzeuge und Arbeitsgeräte;Messer;Rettungsmesser 04;M04;M04
1115;Werkzeuge und Arbeitsgeräte;Messer;Rettungsmesser 64;M64;M64
1116;Werkzeuge und Arbeitsgeräte;Messer;Rettungsmesser 34;M34;M34
1117;Werkzeuge und Arbeitsgeräte;Messer;Rettungsmesser 43;M43;M43
1118;Werkzeuge und Arbeitsgeräte;Messer;Rettungsmesser 41;M41;M41
1119;Werkzeuge und Arbeitsgeräte;Messer;Rettungsmesser 47;M47;M47
1120;Werkzeuge und Arbeitsgeräte;Messer;Rettungsmesser 45;M45;M45
1121;Werkzeuge und Arbeitsgeräte;Messer;Rettungsmesser 48;M48;M48
1122;Werkzeuge und Arbeitsgeräte;Messer;Rettungsmesser 50;M50;M50
1123;Werkzeuge und Arbeitsgeräte;Messer;Rettungsmesser 51;M51;M51
1124;Werkzeuge und Arbeitsgeräte;Messer;Rettungsmesser 52;M52;M52
1125;Werkzeuge und Arbeitsgeräte;Messer;Rettungsmesser 21;M21;M21
1126;Werkzeuge und Arbeitsgeräte;Messer;Rettungsmesser 26;M26;M26
1127;Werkzeuge und Arbeitsgeräte;Messer;Rettungsmesser 31;M31;M31
1128;Werkzeuge und Arbeitsgeräte;Messer;Rettungsmesser 44;M44;M44
1129;Werkzeuge und Arbeitsgeräte;Messer;Rettungsmesser 24;M01;M24
1130;Werkzeuge und Arbeitsgeräte;Messer;Rettungsmesser 55;M55;M55
1131;Werkzeuge und Arbeitsgeräte;Messer;Rettungsmesser 23;M23;M23
1132;Werkzeuge und Arbeitsgeräte;Messer;Rettungsmesser 25;M25;M25
1133;Werkzeuge und Arbeitsgeräte;Messer;Rettungsmesser 56;M56;M56
1134;Werkzeuge und Arbeitsgeräte;Pfostenschlüssel;Dreikantschlüssel 02 10-48-2;;2000000393
1135;Werkzeuge und Arbeitsgeräte;Pfostenschlüssel;Dreikantschlüssel 01 10-48-2;;2000000392
1136;Werkzeuge und Arbeitsgeräte;Pfostenschlüssel;Dreikantschlüssel 01 10-64-2;;2000000405
1137;Werkzeuge und Arbeitsgeräte;Pfostenschlüssel;Dreikantschlüssel 01 10-23-2;;2000000334
1138;Werkzeuge und Arbeitsgeräte;Pfostenschlüssel;Dreikantschlüssel 02 10-23-2;;2000000335
1139;Werkzeuge und Arbeitsgeräte;Rüsthölzer, Windenstützen, Kanalstreben;Formholz 01;;
1140;Werkzeuge und Arbeitsgeräte;Rüsthölzer, Windenstützen, Kanalstreben;Windenstütze 02;;2000000232
1141;Werkzeuge und Arbeitsgeräte;Rüsthölzer, Windenstützen, Kanalstreben;Formholz 02;;
1142;Werkzeuge und Arbeitsgeräte;Rüsthölzer, Windenstützen, Kanalstreben;Windenstütze 06;;2000000228
1143;Werkzeuge und Arbeitsgeräte;Rüsthölzer, Windenstützen, Kanalstreben;Windenstütze 05;;2000000230
1144;Werkzeuge und Arbeitsgeräte;Rüsthölzer, Windenstützen, Kanalstreben;Windenstütze 04;;2000000229
1145;Werkzeuge und Arbeitsgeräte;Rüsthölzer, Windenstützen, Kanalstreben;Windenstütze 03;;2000000231
1146;Werkzeuge und Arbeitsgeräte;Rüsthölzer, Windenstützen, Kanalstreben;Windenstütze 07;;2000000227
1147;Werkzeuge und Arbeitsgeräte;Rüsthölzer, Windenstützen, Kanalstreben;Windenstütze 01;;2000000233
1148;Werkzeuge und Arbeitsgeräte;Sägen;Bügelsäge 01 10-64-2;;
1149;Werkzeuge und Arbeitsgeräte;Sägen;Bügelsäge 01 10-48-2;;2000000391
1150;Werkzeuge und Arbeitsgeräte;Sägen;Bügelsäge 01 10-23-2;;2000000333
1151;Werkzeuge und Arbeitsgeräte;Schlüssel, Schlüssel-Sätze;BMA-Schlüssel 01;;
1152;Werkzeuge und Arbeitsgeräte;Spaten, Schaufeln, Hacken;Schaufel 03;;
1153;Werkzeuge und Arbeitsgeräte;Spaten, Schaufeln, Hacken;Dunghaken 02 10-48-2;;2000000344
1154;Werkzeuge und Arbeitsgeräte;Spaten, Schaufeln, Hacken;Schaufel 04;;
1155;Werkzeuge und Arbeitsgeräte;Spaten, Schaufeln, Hacken;Spaten 03;;2000000198
1156;Werkzeuge und Arbeitsgeräte;Spaten, Schaufeln, Hacken;Dunghaken 03 10-48-2;;2000000348
1157;Werkzeuge und Arbeitsgeräte;Spaten, Schaufeln, Hacken;Forke 02;;
1158;Werkzeuge und Arbeitsgeräte;Spaten, Schaufeln, Hacken;Schaufel 05;;
1159;Werkzeuge und Arbeitsgeräte;Spaten, Schaufeln, Hacken;Spaten 02;;
1160;Werkzeuge und Arbeitsgeräte;Spaten, Schaufeln, Hacken;Forke 01 10-23-2;;2000000342
1161;Werkzeuge und Arbeitsgeräte;Spaten, Schaufeln, Hacken;Dunghaken 01 10-23-2;;2000000338
1162;Werkzeuge und Arbeitsgeräte;Spaten, Schaufeln, Hacken;Schaufel 02;;
1163;Werkzeuge und Arbeitsgeräte;Spaten, Schaufeln, Hacken;Schaufel 01;;
1164;Werkzeuge und Arbeitsgeräte;Spaten, Schaufeln, Hacken;Spaten 01;;2000000128
1165;Werkzeuge und Arbeitsgeräte;Spaten, Schaufeln, Hacken;Dunghaken 03 10-23-2;;2000000340
1166;Werkzeuge und Arbeitsgeräte;Spaten, Schaufeln, Hacken;Dunghaken 01 10-48-2;;2000000343
1167;Werkzeuge und Arbeitsgeräte;Spaten, Schaufeln, Hacken;Dunghaken 02 10-23-2;;2000000339
1168;Werkzeuge und Arbeitsgeräte;Werkzeug, allgemein;Bosch Akku 04;;2000000164
1169;Werkzeuge und Arbeitsgeräte;Werkzeug, allgemein;Elektrowerkzeugkasten 01 10-64-2;;2000000245
1170;Werkzeuge und Arbeitsgeräte;Werkzeug, allgemein;Werkzeugkasten 02;;2000000014
1171;Werkzeuge und Arbeitsgeräte;Werkzeug, allgemein;Bosch Akku 05;;2000000166
1172;Werkzeuge und Arbeitsgeräte;Werkzeug, allgemein;Werkzeugkasten 01;;2000000013
1173;Werkzeuge und Arbeitsgeräte;Werkzeug, allgemein;Werkzeugkoffer;;2000000139
1174;Werkzeuge und Arbeitsgeräte;Werkzeug, allgemein;Schornsteinfegersatz 01 10-23-2;;2000000336
1175;Werkzeuge und Arbeitsgeräte;Werkzeug, allgemein;Akkufräse;;2000000026
1176;Werkzeuge und Arbeitsgeräte;Werkzeug, allgemein;Akkuschrauber;;2000000028
1177;Werkzeuge und Arbeitsgeräte;Werkzeug, allgemein;Bosch Akku 03;;2000000246
1178;Werkzeuge und Arbeitsgeräte;Werkzeugsatz;Spannungswarner 01 10-48-2;2000000679;2000000679
1179;Werkzeuge und Arbeitsgeräte;Werkzeugsatz;Prüfball 01;;2000000084
;;;;;30.09.2025
